Date,WML,MktRF,SMB,HML,RF,Ind1,Ind2,Ind3,Ind4,Ind5,Ind6,Ind7,Ind8,Ind9,Ind10,Ind11,Ind12,Ind13,Ind14,Ind15,Ind16,Ind17,Ind18,Ind19,Ind20,Ind21,Ind22,Ind23,Ind24,Ind25,Ind26,Ind27,Ind28,Ind29,Ind30,Ind31,Ind32,Ind33,Ind34,Ind35,Ind36,Ind37,Ind38,Ind39,Ind40,Ind41,Ind42,Ind43,Ind44,Ind45,Ind46,Ind47,Ind48,Ind49
201001,-5.36,-3.36,0.27,0.3,0,-6.64,0.6,-2.42,-3.7,-3.15,-2.32,2.34,3.55,0.85,-3.11,-3.93,-0.33,0.36,-4.04,-7.42,-8.66,-2.11,-0.68,-11.92,-6.21,-6.65,-4.18,0.51,0.81,-9.1,-1.51,-10.86,-16.25,-7.41,-4.64,-4.5,-6.7,-3.21,-3.08,-7.72,-7.82,-9.01,-5.52,-4.92,-8.64,-4.04,-2.55,-1.92,-0.99,0.45,0.73,-4.76,-7.98,3.54
201002,3.61,3.4,1.45,3.18,0,-6.6,3.26,13.7,0.25,5,14.52,3.15,-3.01,3.69,6.07,2.34,2.15,-0.16,5.46,6.55,15.68,4.08,1.04,4.2,7.32,7.97,10.13,6.69,3.88,5.18,5.36,14.32,12.74,10.82,2.13,-0.43,2.85,1.49,1.57,7.14,3.4,5.11,7.58,2.17,7.9,7.25,5.89,4.32,4.56,1.81,3.51,6.47,3.9,1.07
201003,3.68,6.31,1.84,2.15,0.01,2.04,4.46,8.2,6.11,6.36,6.57,14.13,5.47,2.13,11.39,7.03,4.44,3.17,7.34,4.68,8.42,8.35,6.38,12.04,5.27,6.52,7.02,8.93,10.92,17.77,6.09,3.83,10.76,2.15,3.21,3.1,7.6,6.79,6.86,8.99,4.84,7.6,7.56,5.82,6.06,8.11,5.99,6.14,8.4,8.46,8.1,14.82,6.96,9.81
201004,3.21,2,5.07,2.83,0.01,-10.17,0.18,-1.73,-1.76,-3.03,-0.9,15.13,2.31,1.21,4.23,2.52,0.36,-3.19,3.08,8.61,11.43,11.53,9.82,-2.63,3.75,6.08,4.31,4.82,2.19,22.09,1.61,10.79,-3.78,-2.21,3.81,2.86,3.59,2.55,2.73,5.28,0.3,1.56,6.76,4.67,1.84,3.82,3.2,1.85,7.36,3.05,-1.67,5.9,-1.45,3.82
201005,-0.19,-7.89,-0.02,-2.41,0.01,-18.19,-3.86,-0.22,-3.88,-7.71,-5.69,-7.47,-10.35,-4.35,-5.67,-3.58,-8.47,-8.25,-9.99,-4.89,-9.87,-10.53,-11.23,-7.01,-7.38,-9.95,-9.63,-10.02,-9.57,-11.33,-6.34,-5.15,-5.82,-14.85,-10.56,-6.31,-5.81,-7.43,-7.13,-7.41,-8.05,-7.48,-7.35,-8.96,-8.49,-5.98,-4.01,-5.83,-4.88,-11.01,-5.88,-11.13,-8.14,-10.93
201006,-2.98,-5.56,-2.56,-4.52,0.01,-8.54,-1.19,-0.72,-1.63,3.54,-4.06,-10.26,-7.86,-3.24,-9.31,-7.43,-3.45,-0.7,-7.79,-8.81,-14.55,-11.89,-13.31,-13.18,-5.97,-5.5,-7.04,-9.6,-5.65,-17.08,-6.91,13.4,-12.66,-9.48,-6.31,-0.72,-3.98,-12.51,-6.4,-5.15,-6.35,-7.32,-5.49,-2.62,-0.53,-7.66,-5.2,-10.56,-5.29,-7.69,-4.56,-12.14,-10.15,-7.57
201007,1.94,6.93,0.11,-0.21,0.01,18.72,2.87,6.66,8.37,11.12,2.18,9.58,5.54,4.22,8.34,-5.45,0.34,3.12,14.24,7.97,6.81,8.52,7.02,8.28,8.33,13.96,11.78,16.32,10.29,12.5,1.4,-8.88,16.97,14.17,7.51,6.79,9.58,7.68,6.58,6.09,8.94,7.83,0.7,7.66,7.51,10.84,3.2,4.65,7.04,5.96,5.84,16.5,9.54,8.92
201008,-0.15,-4.77,-3.12,-1.96,0.01,-9.23,1,-0.45,-0.01,-0.05,-2.27,-1.06,-10.53,-3.96,-7.41,-4.53,-8.1,-0.05,-0.11,-2.31,-5.5,-5.26,-7.29,-8.74,-10.8,-8.09,-6.46,-10.48,-8.12,-9.61,-6.48,11.39,-2.05,-5.88,-3.28,0.41,-2.13,-19.67,-6.65,-9.44,-3.76,-8.3,-6.15,-6.41,-4.14,-4.65,-7.55,-4.18,0.38,-10.25,-4.43,-6.07,-8.28,-7.56
201009,1.36,9.54,3.73,-3.12,0.01,-5.73,2.35,4.09,4.95,10.04,10.77,15.11,14.05,3.98,17.54,12.47,11.78,8.21,9.96,9.78,13.39,10.51,9.9,12.1,12.98,15.86,13.76,14.06,10.09,19.27,3.92,4.68,14.24,13.55,9.5,3.64,7.97,18.6,11.62,13.71,11.26,13.02,16.31,9.73,6.04,9.87,9.9,13.59,7.13,6.37,8.86,11.88,8.5,10.78
201010,1.25,3.88,0.78,-2.52,0.01,19.43,3.78,7.37,1.93,5.27,2.06,15.4,6.65,4.51,3.34,3.05,0.24,2.32,8.18,2.33,3.28,5.13,-2.01,4.64,3.37,4.6,4.75,9.72,6.08,1.28,0.55,-2.07,13.22,6.8,4.29,1.86,4.51,-7.28,3.68,4.97,8.69,3.8,5.85,3.05,5.94,5.35,4.95,1.32,6.06,0.32,2.04,-0.91,7.36,-0.38
201011,2.51,0.6,3.58,-0.91,0.01,0.86,-2.6,0.92,2.01,-3.77,9.27,6.85,-1.77,-2.36,9.27,1.66,-0.22,-4.31,0.84,4.03,-1.01,3.8,3.62,2.98,4.8,6.62,3.33,6.74,-0.45,-0.3,-3.01,0.67,3.89,14.44,5.25,-1.31,-1.89,0.05,1.7,-1.46,-2.81,3.29,3.11,0.51,-0.7,2.42,0.29,4.95,4.16,0.02,-0.65,1.08,-1.05,-1.3
201012,-3.19,6.82,0.98,3.78,0.01,15.83,4.57,0.88,3.57,4.3,1.95,-1.3,8.44,5.79,1.08,9.25,9.45,4.27,7.49,7,4.19,10.36,15.03,13.32,10.91,10.62,5.79,8.3,4.11,16.75,2.92,6,16.62,14.55,9.15,3.22,6.57,11.59,6.39,4.21,6.99,5.48,9.68,4.6,5.75,3.19,6.83,3.5,0.11,11.9,8.51,7.43,9.51,13.18
201101,-0.33,1.99,-2.42,0.82,0.01,5.01,-1.92,1.86,-3.62,-2.94,-6.72,3.59,2.8,-1,-3.32,1.75,2.45,-1.62,1.6,1.84,-3.65,2.49,6.75,3.98,3.78,5.07,3.59,0.56,5.07,2.64,11.39,-10.97,-6.37,1.38,7.17,2.23,0.03,-0.33,1.88,4.47,2.36,6.55,3.98,2.95,3.67,-0.48,2.8,-1.28,-2.43,2.57,2.05,3.91,1.39,7.51
201102,2.07,3.49,1.66,1.1,0.01,-1.2,6.75,3.2,0.6,8.98,6.18,1.24,2.56,1.66,8.88,6.88,4.56,2.76,4.92,4.5,7.1,2.97,-0.46,3.98,5.85,3.77,2.81,-2.39,2.82,6.9,0.28,4.49,-0.03,-0.02,7.97,2.43,7.47,11.04,5.29,1.59,1.53,3.88,4.81,3.17,4.27,1.42,2.97,1.38,3.95,1.52,4.5,9.63,2.94,3.9
201103,3.55,0.45,2.63,-1.57,0.01,0.33,1.64,4.58,3.35,5.25,1.59,-1.03,-0.21,0.23,-4.4,3.52,0.54,2.62,2.01,6.49,4.5,3.64,1.75,0.75,5.98,4.36,1.1,1.53,2.15,18.09,1.63,0.39,0.1,8.82,1.64,0.91,1.6,2.25,1.23,-3.23,-0.26,-3.18,1.68,1.84,0.44,3.01,1.47,0.48,1.8,-1.78,-0.47,3.08,-2.42,-2.24
201104,0.07,2.9,-0.48,-2.53,0,-4.16,5.7,5.2,3.9,4.9,4.44,6.42,-0.03,4.93,8,1.05,5.02,7.14,4.48,3.63,4.95,0.52,-0.32,0.58,0.05,1.69,0.99,1.72,4.19,1.77,-1.05,6.15,-2.76,-2.79,1.47,3.99,3.35,1.4,1.52,1.35,3.18,4.71,3.64,1.96,0.67,2.93,4.06,5.2,1.41,-0.4,3.6,3.54,-0.92,2.43
201105,-0.59,-1.27,-0.72,-2.09,0,2.86,2.14,3.66,0.49,4.11,-0.79,-0.51,1.07,3.05,0.34,0.53,-0.16,2.58,-3.75,1.81,2.89,-2.2,-2.81,-5.35,-1.36,-5.78,-6.44,-3.29,-1.69,-6.3,-0.82,-5.58,-5.6,-6.03,-4.51,1.3,0.91,-0.83,-1.39,-2.18,-2.23,-0.77,0.2,-0.64,5.71,-0.44,1.2,0.21,4.07,-2.65,-1.62,-2.14,-3.46,-3.48
201106,1.75,-1.75,0.07,-0.33,0,1.51,-1.14,3.98,0.62,-5.6,-0.57,-1.77,-0.44,-2.52,4.5,-2.94,-3.31,-1.41,-0.22,0.21,-6.35,-1.82,-5.31,-1.89,4.04,-0.85,-0.24,-1.46,0.35,-2.43,2.87,-4.89,-0.67,-7.16,-2.34,-0.34,-1.34,1.91,-2.4,-3.72,-0.89,-3.92,-1.04,0.56,-6.63,-0.47,-2.1,-1.41,1.52,-2.02,-1.09,-3.31,-4.38,-2.57
201107,0.03,-2.36,-1.33,-1.16,0,1.31,-0.37,-5.96,-2.97,3.29,-5.42,6.05,-3.15,-2.74,2.26,-8.87,-4.36,-3.04,-1.83,-5.56,-6.29,-7.4,-4.96,-6.22,-5.54,-4.74,-9.73,-9.59,-5.96,-6.09,-5.81,3.51,-0.75,0.67,0.55,-0.35,-4.87,-0.78,-4.28,4.47,1.22,-6.1,-9.39,-7.03,-4.43,-5.09,-4.58,-0.1,-0.29,-3.58,-5.19,-6.63,-2.72,-4.44
201108,-0.3,-5.99,-3.2,-2.4,0.01,-6.75,-1.4,2.24,2.24,-0.11,-3.04,-6.23,-3.27,0.37,-5.51,-13.43,-4.82,-1.86,-7.99,-2.51,-7.01,-7.35,-10.01,-13.2,-7.31,-8.17,-7.63,-11.97,-7.24,-8.94,-1.29,9.86,-5.99,-19.19,-9.82,0.14,-5.22,-14.33,-7.43,-7.11,-6.39,-7.39,-8.9,-5.34,-7.8,-6.98,-4.05,-3.37,-0.79,-9.09,-7.44,-16.23,-11.26,-3.79
201109,-2.58,-7.59,-3.78,-1.37,0,-12.83,-3.56,-2.58,-3.84,-5.27,-9.4,-21.13,-8.04,-3.96,-5.1,-9.32,-7.75,-2.74,-16.45,-13.08,-14.41,-16.35,-15.98,-20.49,-12.53,-16.44,-13.09,-14.09,-4.36,-18.82,-4.09,-5.14,-30.64,-30.02,-11.93,-1.63,-5.79,-13.88,-8.27,-3.82,-4.29,-5.41,-11.29,-9.73,-12.98,-9.34,-8.14,-2.86,-5.41,-11.49,-7.9,-14.1,-14.27,-4.15
201110,-1.45,11.35,3.59,-0.22,0,20.97,3.88,2.53,1.93,8.26,16.21,15.13,8.78,4.51,16.51,11.54,6.28,4.98,18.21,13.41,14.26,24.11,20.01,18.15,18.82,23.02,17.43,23.94,10.54,29.15,5.54,7.98,26.91,28.44,16.1,6.68,7.58,18.5,13.67,11.91,11.79,12.46,10.59,10.51,12.77,15.28,13.76,9.14,10.14,13.18,13.46,19.46,13.81,9.42
201111,3.98,-0.28,-0.28,-0.42,0,0.26,0.66,-0.76,0.52,7.57,-0.54,-3.05,0.59,1.21,-3.84,1.89,-0.57,1.62,-1.14,-0.13,-1.08,2.84,1.83,-1.46,7.45,2.09,6.79,-7.95,1.75,5.19,4.03,2.51,0.51,-6.23,1.93,0.99,0.29,-3.35,-0.48,-3.25,-1.97,-0.49,-0.61,1.21,0.27,1.49,1.17,0.85,2.31,-3.89,-0.33,-1.2,-4.19,-0.59
201112,1.87,0.74,-0.41,1.71,0,-3.96,1.19,2.58,3.98,3.72,-6.43,-4.22,5.18,1.91,-2.24,-1.18,1.91,4.21,-0.05,0.64,0.82,-1.45,-0.24,-5.18,-10.02,-3.73,-4.71,-1.67,0.29,2.19,2.86,-12.75,-4.57,-13.69,-0.25,2.95,3.18,4.56,2.04,0.5,-2.6,-1.74,-2.07,1.15,0.67,1.19,-0.02,0.34,3.75,3.14,1,-0.96,-1.27,1.29
201201,-7.95,5.05,2.14,-1.11,0,16.81,0.62,4.23,-2.33,-4.58,11.03,12.39,3.35,-0.99,9.89,4.42,6.69,2.63,11.26,8.15,6.96,6.47,10.06,12.4,7.34,12.74,9.83,13.17,4.92,4.85,2.27,5.37,18.86,1.26,1.39,-2.71,2.44,7.26,5.52,11.41,5.48,8.96,15.95,3.76,8.91,6.62,6.07,4.04,3.32,7.51,4.84,13.58,9.58,3.42
201202,-0.28,4.42,-1.58,0.11,0,-5.12,1.99,4.79,0.77,9.62,6.28,5.64,1.46,6.4,6.51,6.23,0.91,0.94,2.19,2.15,5.73,5.08,6.25,-2.69,7.29,4.44,0.7,5.14,4.28,7.44,7.25,-3.17,-5.81,-1.51,6.71,1.26,4.78,-3.28,3.81,11.15,6.07,3.87,3.6,3.61,3.66,-1.24,1.58,3.51,2.94,7.34,4.7,4.45,6.9,1.07
201203,1.49,3.11,-0.48,0.89,0,2.95,1.64,4.21,6.04,5.42,3.06,4.19,4.04,1.71,1.67,0.3,3.56,4.32,2.66,5.7,4.53,3.14,0.97,0.67,12.37,-2.61,2.17,0.17,0.04,-2.24,1.23,-11.82,-4.67,-12.16,-3.08,1.44,2.5,-1.92,2.86,7.01,4.13,3.47,3.39,1.55,2.17,1,2.98,5.21,3.76,9.2,3.69,6.09,4.39,3.63
201204,3.84,-0.85,-0.61,-0.46,0,-4.03,1.09,3.17,1.33,1.63,1.09,-2.74,-2.78,-1.82,0.12,-1,0.23,0.81,1,-0.91,-0.06,-2.06,2.01,-4.29,-5.25,-1.55,-1.3,-7.36,0.25,-1.81,1.33,-6.08,0.5,2.47,-1.76,1.74,1.73,-3.35,-0.32,-3.37,-0.83,-3.02,-2.34,-0.43,-1.67,1.24,-0.3,1.36,1.04,-2.2,-1.29,0.65,-5.32,-1.34
201205,6.64,-6.19,-0.11,-0.52,0.01,0.53,-3,1.59,-0.25,-3.34,-7.65,-12.86,-7.7,-5.06,-5.68,-6.28,-5.49,-2.61,-8.44,-5.03,-2.83,-5.57,-8.89,-14.52,-10.47,-11.13,-7.4,-7.64,-7.51,-10.73,-8.26,-3.85,-15.7,-23.34,-10.49,-0.93,-1.07,-10.16,-7.05,-7.3,-7.9,-9.09,-6.62,-5.06,-8.92,-2.08,-6.12,-2.12,-4.77,-9.43,-6.7,-7.39,-11.53,-2.31
201206,-1.13,3.89,0.96,0.41,0,6.9,1.39,2.17,5.74,5.86,1.25,0.29,6.79,0.04,-10.76,14.35,5.91,6.47,3.46,3.67,2.22,1.75,7.63,4.78,-1.27,0.09,-1.24,-4.42,2.47,8.64,5.4,4.01,8.49,2.09,5.9,3.4,7.09,3.87,4.19,1.53,4.11,2.07,0.45,2.83,1.53,4.04,2.58,3.02,-2.21,5.29,3.16,2.95,4.25,6.1
201207,3.06,0.79,-2.71,-0.25,0,3.26,-2.75,2.71,2.01,4.4,6.31,-11.76,1.27,3.34,2.31,-4.49,-4.13,3.26,-0.79,-3.4,-0.77,-2.5,-1.8,-1.35,5.43,1.33,2.28,-0.3,-1.58,2.49,2.95,-8.9,-1.17,-10.56,3.02,3.73,4.05,-11.68,0.22,2.07,-2.11,-0.31,0.51,0.9,2.52,-0.99,0.53,2.34,-3.22,0,-3.22,-2.72,-1.21,1.24
201208,-2.44,2.55,0.42,1.34,0.01,2.15,4.37,-7.3,0.32,-3.05,3.33,8.1,7.25,3.49,8.04,6.96,3.52,0.1,2.88,3.95,8.15,7.71,8.39,-1.1,2.15,4.17,3.8,4.12,3.09,-0.7,2.64,15.74,2.91,0.3,2.43,-3.34,0.97,5.76,2.07,8.26,3.65,2.19,3.67,2.21,2.93,-1.56,0.41,3.43,1.51,3.03,6.01,5.66,4.83,-0.63
201209,-1.03,2.73,0.68,1.57,0.01,4.67,1.09,1.52,-1.02,0.45,0.06,6.93,6.67,2.6,-0.49,8.34,5.88,4.23,1.44,5.44,5.4,4.11,6.68,3.77,1.91,1.97,-1.19,3.63,-0.9,3.95,3.4,13.38,8.61,2.06,3.57,2.17,4.72,4.15,2.32,0.25,3.86,-2.71,1.95,2.21,4.17,-2.28,0.41,1.85,3.74,4.6,1.4,4.26,3.8,5.74
201210,0.12,-1.76,-0.78,3.64,0.01,-4.83,-0.58,-2.84,-1.86,-2.65,-0.95,2.19,-0.96,1.02,-1.36,-5.1,-3.73,-1.28,-2.6,2.3,4.72,3.75,2.7,-0.73,-1.78,-0.78,1.34,6.02,0.49,2.85,0.55,-2.83,2.28,20.5,-2.12,1.05,-2.02,-2.47,-0.95,-10.67,-5.73,-3.81,-0.01,-2.8,0.93,2.95,2.61,-0.92,-4.94,1.39,3.1,-0.4,2.35,-3.3
201211,0.35,0.78,0.3,-0.81,0.01,5.85,4.03,3.4,1.95,3.11,2.16,2.06,-2.53,1.16,4.02,3.98,0.84,1.47,3.21,2.14,4,4.46,-0.85,2.61,-4.92,1.58,4.55,3.38,4.06,2,1.91,-14.1,1.34,-11.26,-1.37,-3.68,0.06,3.8,1.88,0.78,2.1,2.11,3.98,4.31,-0.44,0.4,2.29,1.08,2.28,-0.46,-1.63,0.26,0.17,1.25
201212,-2.92,1.18,1.89,3.52,0.01,2.97,-0.68,-3.9,-0.84,-5.7,-1.23,4.11,5.26,-1.58,0.13,3.16,0.39,-0.96,4.46,0.09,3.54,3.29,6.19,6.56,7.15,4.12,3.7,7.98,2.4,5.54,-1.38,-0.83,-1.51,7.67,1.17,0.14,1.24,3.84,2.84,-4.16,1.4,3.04,3.07,3.57,1.98,3.01,1.99,-2.15,2.04,5.21,1.66,6.06,5.35,1.43
201301,-1.91,5.57,0.57,0.95,0,6.99,7.54,2.03,5.07,5.95,2.75,15.63,5.21,8.69,2.56,9.66,10.06,7.57,5.06,11.48,9.22,7.83,10.89,4.28,4.79,8.1,7.28,1.66,2.44,8.98,-3.93,-8.54,3.81,-3.72,7.88,5.08,4.71,8.34,6.54,-6.37,5.8,3.3,7.52,5.82,4.44,8.52,6.46,5.41,5.22,4.43,6.58,6.61,12.99,7.58
201302,1.37,1.29,-0.35,0.11,0,-0.41,4.83,3.59,5.22,2.34,5.89,-1.25,-8.01,3.14,1.46,0.78,-1.19,1.91,-0.95,2.5,5.7,2.28,-3.55,-2.68,8.47,-1.16,0.99,-0.22,3.63,6.37,2.8,-8.17,-7.38,-8.09,0.52,2.16,2.2,2.61,1.82,-1.1,0.6,1.98,1.38,4.58,4.89,3.64,2.07,0.61,0.78,1.29,0.8,5.46,1.79,4.54
201303,1.95,4.03,0.91,-0.26,0,4.6,7.98,4.84,5.31,2.6,7.38,7.76,7.28,2.19,2.88,5.91,3.25,7.2,1.21,6.26,8.88,2.05,5.82,2.1,8.8,0.32,0.61,3.56,5.64,6.43,8.97,2.53,0.41,0.86,2.09,5.64,5.55,8.95,4.8,1.93,2.11,3.62,4.05,5.26,6.98,4.65,3.25,4.77,5.48,4.47,5.2,6.56,3.6,1.92
201304,0.28,1.55,-2.3,0.57,0,1.39,1.74,5.13,3.55,4.28,4.43,4.53,-0.04,1.35,9.03,-0.34,-1.8,3.62,3.96,-0.6,1.02,-2.84,-3.51,-4.41,1.32,-1.18,-1.42,4.45,0.55,-2.89,2.54,-22.22,-6.94,-5.67,-1.28,5.05,4.38,0.16,1.49,-1.56,1.68,0.41,-1.41,-0.09,0.37,-0.14,0.17,3.2,2.36,1.22,3.56,-2.75,-0.02,0.71
201305,-1.92,2.8,2.09,2.49,0,-5.05,-2.01,-5.34,-1.47,-3.18,0.63,2.53,3.8,-0.22,0.78,4.54,5.21,0.81,3.43,1.87,0.77,7.14,3.68,3.84,14.31,5.23,4.03,11.1,6.62,1.72,7.21,3.13,-0.54,0.5,3.07,-6.99,-1.87,8.93,3.49,6.31,3.26,4.69,5.82,2.5,0.66,2.74,3.85,2.39,-0.4,8.14,4.4,-2.11,8.32,5.95
201306,0.63,-1.2,1.35,-0.13,0,-0.97,0.79,1.44,0.93,-2.6,1.55,-4.93,2.21,-0.72,0.58,-1.34,0.23,-1.66,-5.1,-3.51,2.28,-5.89,-6.84,-4.72,-1.57,-3.54,-3.26,0.34,1.21,-2,2.43,-12.05,-8.94,-23.2,-2.11,0.79,1.95,-3.97,-0.44,-6.3,-2.34,-1.21,-1.19,-0.89,-0.51,-0.91,-0.55,-0.43,1.62,-0.61,1.59,-1.66,-2.94,-1.22
201307,1.76,5.65,1.8,0.61,0,1.2,5.5,0.06,2.73,2.07,-0.99,6.11,8.12,4.98,1.72,1.7,5.69,8.66,5.87,5.72,12.02,6.08,-0.67,6.97,13.95,4.48,9.7,9.65,6.91,6.8,10.58,1.16,-0.28,10.54,4.96,4.58,3.73,5.95,6.37,5.61,5.03,7.88,5.53,7.47,8.56,3.67,6.46,6.39,3.17,6.33,5.95,2.34,6.65,4.03
201308,0.05,-2.71,-0.04,-2.77,0,-1.26,-3.59,-4.77,-3.86,-5.22,-1.38,3.31,-5.28,-2.85,-1.86,-4.18,-3.72,-3.8,-0.59,-4.07,-3.46,-4.71,-4.84,-2.75,-3.32,-0.85,-1.91,-1.29,-3.12,2.2,2.4,5.86,4.25,3.73,-1.93,-4.41,-3.28,-4.62,-2.31,-5.42,0.17,2.09,-2.57,-2.67,-2.08,-2.59,-2.5,-4.86,-2.29,-4.64,-2.67,-5.83,-4.84,-4.08
201309,2.98,3.77,2.71,-1.2,0,6.16,-0.3,-0.41,1.34,4.17,3.74,11.16,8.98,0.93,7.65,6.03,3.72,3.94,5.21,7.07,8.44,9.14,7.75,8.35,8.43,6.23,7.12,6.71,8.56,7.57,4.96,-11.35,4.59,2.56,1.89,1.04,4.12,2.06,6.46,1.04,5.2,1.89,6.86,3.45,-0.17,5.92,5.6,4.43,4.01,2.63,3.43,3.61,4.67,2.71
201310,0.14,4.18,-1.51,1.1,0,1.04,5.19,4.74,6.25,4.74,9.86,3.55,4.97,6.07,2.4,3.92,5.72,3.5,3.95,6.54,4.48,3.99,3.04,8.38,-4.94,1.57,5.47,-0.07,5.28,6.47,5.23,-3.35,7.34,9.9,4.72,3.34,5.62,6.55,4.02,0.68,3,6.48,3.34,7.03,5.37,5.91,5.76,5.39,3.92,2.92,2.63,3.15,5.97,3.47
201311,0.45,3.12,1.38,0.26,0,7.64,-0.03,2.39,1.15,-2.74,3.23,3.11,1.83,3.95,6.52,2.07,1.94,5.09,1.2,1.78,4.21,2.88,2.8,1.72,0.31,1.59,3.4,1.79,4.63,7.59,7.55,-8.64,-4.94,-3.52,0.99,-1.8,0.47,2.97,3.57,0.77,3.2,4.68,3.02,5.17,-0.74,5.29,3.86,3.72,3.2,6.41,5.52,4.08,5.34,1.43
201312,0.06,2.81,-0.5,-0.31,0,3.1,2.88,3.29,-0.41,3.31,2.32,7.96,7.71,-1.95,0.83,-1.37,1.14,0.68,4.86,5.93,3.64,4.71,6.3,6.52,-1,5.28,3.19,1.54,2.86,7.27,4.04,-5.39,9.29,7.89,2.9,1.79,3.72,4.32,4.69,4.88,4.67,2.73,5.8,2.47,4.57,2.25,2.54,0.1,-0.23,2.86,1.64,4.66,3.72,2.64
201401,1.65,-3.32,0.61,-2.13,0,-8.01,-3.46,-7.59,-0.54,-8.75,-8.56,0.78,-6.53,-6.2,-7.58,1.56,0.92,1.77,-3.81,-5.2,-2.68,-5.6,-0.84,-5.47,-8.77,-4.37,-2.82,-2.62,-3.82,3.05,2.53,-2.78,-7.06,-7.62,-7.03,2.49,-3.94,-3.6,-4.72,0.89,0.8,-5.41,1.91,-4.98,-3.58,-1.99,-2.35,-7.59,-4.77,-3.5,-5.3,-2.46,-5.09,-6.63
201402,2.09,4.65,0.13,-0.37,0,3,4.95,1.92,1.62,3.55,3.39,9.19,8.18,3.45,5.53,3.33,3.6,7.13,7.88,2.11,0.87,8.06,4.81,2.55,6.23,5.68,3.76,8.6,3.48,13.45,6.73,8.32,6.25,4.66,5.71,3.07,2.78,7.98,4.21,2.67,5.69,5.24,4.9,4.96,7.88,2.11,4.5,5.79,4.84,3.01,3.81,4.95,2.85,2.64
201403,-3.25,0.43,-1.15,5.03,0,3.73,3.19,1.65,4.78,3.59,4.48,-7.06,-0.1,1.75,-0.4,2.13,1.46,-3.48,0.62,-2.55,-0.06,-1.74,-3.21,3.67,-4.68,1.08,0.08,-1.05,-1.3,-0.21,0.91,-2.49,-0.3,-3,2.51,2.68,0.05,-1.44,-1.02,3.35,-3.23,2.68,-3.05,-0.49,-1.24,2.68,0.41,-1.21,1.73,2.98,2.17,-2.72,0.94,5.62
201404,-3.9,-0.19,-4.1,1.1,0,-2.6,0.08,4.7,1.56,5.33,-1.13,-4.55,-1.88,2.96,-3.82,-1.06,-4.65,0.48,0.02,-1.08,0.48,-1.45,-3.69,0.65,-5.33,1.09,-0.76,0.15,1.31,0.92,0.6,3.44,2.85,9.05,5.64,3.97,0.23,-0.64,-1.7,-0.71,-3.71,3.33,-2.83,0.42,-1.49,1.11,-0.54,-0.84,-1.23,-4.65,-1.53,-2.62,-2.05,3.14
201405,1.02,2.06,-1.87,-0.36,0,9.86,5.1,0.62,3.19,3.84,-1.07,3.54,-0.49,-0.5,2.22,3.62,4.27,1.41,2.67,-0.63,2.75,0.02,0.81,-1.62,1.63,0.59,-0.51,1.74,1.73,5.45,-0.95,-8.84,-0.94,-7.31,0.96,0,4.06,1.85,2.69,3.74,2.65,5.03,2.32,3.06,4.06,5.45,3.44,0.22,2.4,1.75,3.01,3.5,0.27,-0.41
201406,0.7,2.61,3.03,-0.66,0,2.56,0.01,4.04,2.85,-1.11,0.68,2.22,8.82,-1.29,0.26,3.24,3.16,2.79,0.77,3.96,7.83,2.22,1.82,4.89,11.85,5.35,3.51,4.03,-2.31,1.36,-0.88,14.48,4.9,3.87,4.16,5.42,1.6,3.32,2.39,2.19,2.46,3.94,3.43,1.62,3.52,1.25,0.99,1.01,2.53,2.66,2.5,4.36,4.56,-0.44
201407,-0.26,-2.04,-4.23,-0.02,0,-8.2,-4.79,-6.87,-2.92,-3.48,-5.64,-3.39,-1.81,-2.62,-0.62,6.27,-1.35,-0.58,-3.27,-8.34,-5.7,-7.93,-9.62,1.32,-13.63,-6.26,-6.6,-3.77,-6.03,-0.83,1.81,-3.38,2.91,-11.2,-3.49,-6.47,0.5,-3.3,-1.6,2.01,1,-0.26,-3.28,-3.67,-6.44,-2.04,-2.76,-1.86,-3.11,-1.58,-3.78,-3.74,-0.65,-2.13
201408,0.76,4.24,0.32,-0.55,0,3.14,6.15,7.82,5.46,5.08,2.96,-2.64,2.34,5.87,3.53,4.69,1.92,6.1,4.39,5.61,10.14,6.48,6.78,6.46,-3.87,5.2,3.42,4.26,5.48,9.11,4.47,7.62,0.25,4.18,2.25,5.38,0.55,4.97,3.92,3.15,3.25,6.26,3.93,3.57,2.27,4.57,4.87,5.71,3.32,2.61,5.99,7.75,4.58,7.4
201409,0.49,-1.97,-3.75,-1.19,0,-2.41,-1.96,2.5,0.83,2.15,-8.03,-3.81,-7.2,0.84,4.44,-3.66,-3.4,0.72,-2.14,-2.01,-2.38,-5.26,-7.41,-5.16,-8.45,-6.99,-4.82,-10.06,-0.9,-1.71,3.99,-17.28,-9.56,-14.41,-7.98,-3.41,-1.68,-7.24,-2.32,-1.23,-0.84,-1.85,-2.99,-3.12,-5.79,0.71,-2.29,-1.5,-0.6,0.09,-1.97,-5.93,-0.78,-0.02
201410,0.03,2.52,3.84,-1.68,0,3.25,2.65,-0.33,3.28,6.13,4.73,-0.06,2.74,3.71,1.57,4.35,10.59,5.09,-1.09,2.53,2.08,4.41,3.3,2.76,0.99,2.51,3.21,1.98,1.76,-6.35,3.26,-20.24,-7.41,-6.31,-4.47,6.69,1.41,3.19,5.59,-1.07,-0.56,3.85,3.44,6.59,5.4,6.22,3.32,3.32,1.28,3.81,5.05,3.54,2.57,1.45
201411,1.02,2.55,-2.26,-2.98,0,3.71,4.9,7.63,4.35,0.76,2.58,-0.93,1.29,3.23,8.89,-1.31,4.97,2.55,2.2,3.44,7.53,1.87,0.85,-2.29,-9.16,-1.13,-0.08,5.26,5.21,-2.74,1.11,-0.48,-0.94,3.96,-10.03,0.29,3.09,4.77,3.11,7.73,1.89,6.93,3.89,4.9,4.22,5.88,1.83,8.91,5.57,1.66,2.01,4.84,2.82,4.8
201412,1.04,-0.06,2.9,2.12,0,-0.06,-1.29,-5.17,-4.3,-3.11,-2.65,-4.93,1.86,0.02,-0.82,3.52,0.26,-1.36,0.85,4.51,-0.31,1.43,-1.56,-5.75,-5.8,-1.1,-0.9,0.56,-0.4,-3.41,0.91,3.53,-7.87,-16.46,0.58,1.84,-1.82,2.67,-0.04,0.52,-0.82,-2.94,-0.33,1.67,4.52,1.09,0.26,2.25,-0.43,1.91,1.82,0,2.43,0.01
201501,3.76,-3.11,-0.83,-3.47,0,-0.9,-2.08,-1.11,0.9,2.95,-0.06,0.08,-2.01,-4.92,-3.75,-2.53,-0.06,2.12,-2.06,-0.66,2.02,-3.83,-6.53,-8.77,-14.07,-7.49,-5.38,-6.25,1.23,-2.21,-0.82,30.1,-10.08,-17.48,-4.3,1.18,-4.78,-6.9,-0.77,-8,-4.89,-0.41,-1.8,-2.06,-4.66,-4.53,-2.37,-0.29,0.66,-9.27,-4.29,-1.05,-6.72,-4.41
201502,-2.88,6.13,0.23,-1.73,0,2.08,3.67,6.48,4.4,5.47,5.46,5.87,7.97,3.83,5.43,4.29,5.76,4.06,8.1,7.55,13.34,6.21,10.41,3.61,14.59,6.54,5.59,8.91,5.5,18.24,7.46,2.44,17.7,15.05,4.75,-4.37,9.09,5.46,7.13,7.8,8.17,9.11,5.03,5.95,11.19,3.1,5.37,5.58,6.82,7.97,7.72,5.88,7.88,4.37
201503,3.02,-1.12,3.1,-0.45,0,-5.28,2.47,-4.64,-2.07,-8.82,-4.11,-2.35,0.48,-1.98,1.23,4.97,1.3,0.51,-3.55,1.04,3.33,0.81,1.45,-2.07,2.57,-3.67,-0.49,-0.43,-1.41,0.67,2.56,-16.42,-4.97,-18.67,-2.52,-0.28,-2.25,-2.69,0.25,-7.48,-1.83,-2.83,0.7,-1.47,-3.25,-3.62,0.57,1,-0.29,-0.83,2.28,3.91,-0.57,-2.13
201504,-7.41,0.59,-3.04,1.84,0,1.07,-0.23,-0.43,-0.52,5.94,9.25,2.62,-4.07,-2.41,-1.53,-1.74,-2.73,-1.12,1.11,-4.47,-5.95,-0.83,-5.29,3.01,-2.17,2.48,1.37,0.21,-2.52,-7.47,-6.86,19.16,11.43,10.8,6.92,0.3,3.35,-3.23,-1.58,4.08,3.26,-0.52,-2.77,-2.8,-1.72,-1.14,-1.23,-2.88,0.51,2.13,-1.78,-2.72,0.48,0.35
201505,5.93,1.36,0.8,-1.32,0,3.43,2.82,0.2,2,1.28,-3.63,1.68,2.02,0.39,0.04,5,2.27,5.34,1.24,1.18,4.37,2.32,1.27,-3.54,-6.19,0.37,2.91,1.09,1.66,3.06,1.99,2.63,-6.85,-17.11,-5.02,-0.5,0.76,0.11,1.3,1.87,-0.39,4.98,3.77,1.5,0.33,-3.06,1.44,0.54,1.56,2.61,4.64,0.68,2.08,0.84
201506,3.05,-1.53,2.87,-0.8,0,-7.59,-0.79,-2.34,-1.71,-2.57,0.46,1.42,0.2,-0.11,4.17,5.14,-0.16,-0.24,-2.72,-0.5,4.09,-1.81,2.95,-5.09,6.8,-1.4,-3.45,-2.36,-2.37,-9.17,-0.86,-13.31,-4.85,-23.5,-3.74,-5.37,-0.45,-3.65,-1.25,-5.92,-1.93,-5.81,-0.74,-2.76,-3.34,-3.25,-2.82,-0.49,0.29,1.67,2.17,-2.98,-0.58,-3.84
201507,10.24,1.54,-4.49,-4.21,0,-2.72,3.55,6.67,3.51,9.59,-3.77,7.95,-2.99,0.69,5.96,1.64,4.9,3.58,-4.9,1.3,-0.72,1.67,0.68,-9.03,-19.29,-5.93,-4.29,-3.08,-1.93,5.11,9.16,-26.27,-10.67,-26.3,-8.95,2.61,1.45,2.28,1.34,2.72,6.03,-2.59,0.88,-0.51,-0.9,3.27,-1.32,5.79,4.17,2.67,1.65,1.55,0.26,2.82
201508,-2.17,-6.04,0.41,2.71,0,-4.59,-4.22,-4.57,-3.12,-4.06,-4.83,-7.7,-8.75,-6.94,-3.86,-6.41,-5.4,-9.05,-7.15,-5.84,-3.11,-1.94,-2.56,-4.73,-4.55,-3.79,-8.97,-6.09,-5.08,-4.97,-1.69,-0.22,-1.67,7.86,-3.72,-4.01,-8.34,-1.33,-5.32,-7.86,-5.63,-5.64,-7.6,-5.98,-3.58,-6.37,-4.13,-5.44,-6.48,-6.33,-5.58,-11.09,-7.66,-5.44
201509,5.25,-3.08,-2.8,0.58,0,-11.16,-1.73,2.15,2.58,2.37,-5.42,-10.68,-5.72,-0.55,1.18,-9.81,-5.85,-7.37,-8.38,-4.27,-5.92,-7.79,-5.02,-10.56,-21.15,-9.03,-8.8,-2.51,-2.04,-9.94,1.45,-5.7,-6.13,-36.74,-5.64,-0.56,-2.74,-1.52,-2.43,-2.2,-1.31,-0.79,-4.87,-2.33,-4.97,-0.71,-6.04,-1.75,0.44,-3.28,-1.99,-3.39,-4.51,-2.04
201510,-3.91,7.75,-2.1,-0.11,0,8.63,5.44,5.77,8.06,10.9,11.86,15.05,12.43,5.86,0.98,-4.3,6.55,8.83,16.62,5.75,7.96,8,2.66,7.32,-6.4,8.72,7.98,5.96,9.42,7.49,6.41,18.08,7.38,-30.98,12.52,2.07,8.9,4.39,7.56,8.23,11.56,9.09,7.57,10.24,9.78,6.48,5.07,4.56,5.05,5.6,5.23,10.89,8.39,7.05
201511,2.31,0.56,3.34,-0.57,0,1.87,-1.59,2.36,-0.71,-3,-2.23,-0.02,-0.05,-1.09,-1.08,0.83,2.44,0.38,1.68,2.14,-2.59,3.07,6.33,-0.76,12.87,2.2,1.52,1.94,-0.52,1.31,0.01,-5.53,-6.15,10.12,1.07,-3.45,-2.04,-3.96,1.38,-3.42,2.04,0.07,5.39,0.03,-0.32,-1.1,2.67,0.61,-1.01,3.07,-0.25,-1.06,2.52,-0.01
201512,3.39,-2.17,-2.96,-2.46,0.01,2.07,2.98,0.42,0.31,1.6,-2.41,-1.64,-5.87,1.88,-4.37,-2.44,0.36,0.59,-4.81,2.76,-2.64,-4.18,-6.31,-3.85,-14.67,-6.07,-0.36,-4.15,-1.34,-8.83,-0.33,-1.96,-7.24,-7.34,-9.73,-2.36,-2.99,-6.6,-3.19,-2.33,-0.78,-6.24,-0.08,-3.92,-2.51,-5.01,-1.87,0.83,-0.94,-3.17,-0.8,-6.16,-4.45,0.23
201601,1.39,-5.77,-3.46,2.26,0.01,-6.73,-1.13,-1.33,-0.22,4.29,-1.78,-9.3,-5.75,0.14,1.53,-5.06,-4.04,-10.73,-11.09,-7.71,-5.32,-7.2,-10.2,-9.54,-7.37,-4.78,-8.2,-13.2,-9.88,-6.32,-2.18,9.42,-8.04,-3.31,-4.64,4.62,-0.41,-9.08,-8.42,-11.85,-4.54,-7.01,-6.76,-4.46,-11.1,-8.52,-8.67,-4.44,-0.93,-10.78,-5.99,-13.86,-9.47,-3.13
201602,-4.12,-0.07,0.97,-0.48,0.02,-0.47,2.02,-0.33,-2.32,0.95,8.15,3.5,-1.51,0.35,0.83,-2.86,1.36,-1.46,6.81,2.18,0.65,3.77,0.22,8.12,18.46,5.33,3.66,4.1,3.83,-1.04,2.95,31.7,8.01,6.28,-2.99,1.72,1.11,-2.91,1.9,7.13,-3.12,0.65,-0.09,3.2,1.57,6.91,3.87,-0.34,1.05,-4.41,0.29,-4.86,-1.76,2.73
201603,-5.06,6.96,1.09,1.11,0.02,-0.98,3.85,7.21,5.63,5.06,6.97,8.92,6.69,4.67,2.32,8.93,3.79,2.35,8.35,12.34,3.6,10.79,12.09,17.4,9.62,9.7,9.05,10.6,3.74,9.05,2.84,4.46,15.67,25.47,10.85,7.92,6.02,3.06,7.38,8.69,7.81,9.14,9.09,7.83,11.13,6.88,6.2,6.01,5.38,6.38,7.09,11.67,7.12,6.83
201604,-6.15,0.92,1.16,3.25,0.01,7.17,1.24,-1.53,0.32,-0.24,-3.53,-6.67,1.23,-0.41,-2.26,5.95,6.31,2.8,3.78,0.16,1.56,1.69,-0.99,9.52,16.95,3.45,2.34,1.6,5.09,5.5,3.45,33.91,11.43,29.73,9.08,-0.78,0.62,-4.01,0.66,-3.07,-2.83,-8,-0.7,0.54,2.92,-1.07,0.5,-0.37,-2.37,5.86,1.14,-1.3,2.24,0.48
201605,1.89,1.78,-0.74,-1.79,0.01,16.6,1.29,0.04,-0.9,0.84,3.34,6.05,-1.21,-0.08,-4.95,-0.92,1.96,2.82,-1.41,2.38,-1.69,3.74,3.13,-7.74,-4.78,0.17,-0.99,-2.49,-1.77,-2.23,2.59,-7.56,-4.41,1.55,-0.93,2.24,0.26,3.56,4.85,5.05,4.66,6.52,3.76,1.83,1.62,-2.17,1.79,1.2,-1.47,1.88,2.05,-0.48,3.48,-2.45
201606,4.28,-0.05,0.44,-1.49,0.02,-6.59,7.47,3.46,5.33,6.89,-3.09,-4.52,-1.19,3.18,1.65,-0.43,5.11,-0.93,-1.12,0.72,-4.65,-2.43,0.01,2.17,-4.46,-0.81,-0.19,-6.99,0.83,0.37,4.36,23.78,3.58,5.24,2.66,7.37,3.17,1.04,-1.09,-3.04,-2.23,-1.48,-1.21,2.36,0.02,-2.51,1.83,0.73,1.18,-7.15,-0.26,-5.77,-4.16,3.64
201607,-3.17,3.95,2.91,-0.98,0.02,3.46,0.22,-2.91,1.84,-2.76,4.75,6.35,5.7,2.6,1.64,2.43,4.13,6.76,4.31,4.97,8.41,6.34,4.93,13.61,5.96,6.53,5.37,8.87,4.06,5.15,2.32,16.04,4.47,20.94,-2.88,-0.22,2.36,5.07,5.33,7.01,8.05,8.98,5.18,2.07,4.92,5.41,3.67,3.8,2.2,4.85,0.59,6.13,5.7,-0.55
201608,-3.16,0.5,1.52,3.18,0.02,-0.06,-0.13,-1.4,-0.88,-1.19,1.58,0.96,-0.71,1.38,1.39,-6.87,-0.09,-3.71,2.51,3.9,1.05,1.2,0.35,-6.82,4.21,4.07,1.37,-0.29,0.1,3.06,-4.51,-13.82,-8.17,-4.52,1.41,-3.92,-3.5,-4.14,0.1,3.53,1.47,2.75,-0.09,1.68,6.43,1.11,-1.02,-1.67,-0.22,6.24,1.97,1.08,3.81,2.76
201609,-0.52,0.25,1.72,-1.34,0.02,-4.34,-3.08,-2.22,1.65,-2.72,-3.98,6.39,-2.12,0.23,-6.9,2.21,1.06,0.06,-1.74,-2.86,-4.85,-2.71,-2.17,1.99,-0.31,2.58,1,-0.21,-0.61,-0.29,-1.17,2.64,1.98,7.68,2.94,1.75,0.48,-0.41,0.42,4.85,0.83,4.97,2.94,-1.52,3.14,2.89,-2.54,-0.16,-2.26,-2.11,0.27,-3.41,-1.06,-3.72
201610,0.58,-2.02,-3.97,4.15,0.02,-0.89,-0.12,-0.3,-1.63,4.55,0.8,6.38,-8.51,-2.98,-5.74,-6.63,-7.37,-7.5,-1.93,-4.57,-4.15,-3.82,-4.06,-3.08,-1.77,-4.13,-4.97,-3.27,2.61,-3.09,1.84,-5.44,3.13,-8.67,-2.9,-0.61,-2.75,-0.95,-2.94,-3.33,-0.04,-1.07,-6.5,-5.86,-3.92,-0.62,-8.15,-3.57,-1.9,3.27,-0.98,-6.64,-0.63,-0.59
201611,-4.16,4.86,7.03,8.44,0.01,2.12,-5.34,-3.95,-5.75,-5.06,9.02,3,8.95,-3.78,1.81,0.97,-3.52,2.63,7.57,6.76,1.59,10.7,8.76,20.6,7.97,12.64,8.58,6.91,8.34,15.06,8.23,-11.35,19.45,20.79,9.53,-2.84,6.01,11.27,4.89,1.11,-0.98,2.45,3.31,4.36,3.66,12.76,9.27,3,8.46,13.07,10.54,6.21,11.09,8.29
201612,-0.31,1.81,0.33,3.53,0.03,2.65,5.52,2.5,3.03,5.44,-7.34,-2.49,1.74,1.57,-0.41,0.93,1.86,0.6,0.35,1.17,-1.24,0.11,0.29,-2.03,2.6,-0.06,-0.37,4.23,1.43,1.4,-5.38,2.27,-2.8,-9.65,2.2,3.64,4.72,2.87,0.64,0.45,-0.42,2.96,1.27,2.56,-0.78,0.87,2.37,-0.95,0.64,4.76,1.7,5.14,3.31,3.24
