gvkey,year,leverage,mtbe,own
12825,1993,.041508223,1.89599412,.27719843
12261,1993,.054139594,1.105059812,.016027143
12136,1993,.055749524,1.841428844,.023751218
11949,1993,.021734563,1.127967693,.012516208
12142,1993,.05194096,13.24397342,.23394483
12141,1993,0,7.654534238,.27660426
1279,1993,.33754367,1.594269397,.000080899852
1300,1993,.147936098,4.690980335,.00063295464
12053,1993,.330296295,7.375223697,.0015137192
12515,1993,.45496876,2.658296465,.20062983
12380,1993,.086453662,4.316405303,.15087755
1408,1993,.152542995,1.576754813,.00069372571
15246,1993,.251387739,2.603895556,.0014001412
12216,1993,.00131812,6.338410301,.0077573103
12215,1993,0,1.815429634,.028326515
12252,1993,.004514984,1.437796571,.024232339
1789,1993,.275613498,.648478219,.0015031402
12262,1993,0,2.349241479,.22256254
1581,1993,.112102162,5.126418412,.00010123344
13779,1993,.027896535,2.455342981,.018210977
1598,1993,.306451642,3.365532342,.0019655665
12424,1993,0,1.082482648,.012126128
1722,1993,.242636372,1.533398012,.043293245
14134,1993,.287380647,.936199002,.0038226515
1848,1993,.29668536,2.748148629,.00005034573
12445,1993,.189420824,1.664089729,.0019729245
12587,1993,.001380755,6.632626986,.000062021129
12589,1993,.667503947,2.482952619,.088934749
16751,1993,.115854199,1.203282456,.007227221
12583,1993,.137626146,3.063503761,.079618648
2189,1993,.122228462,2.730076774,.00069416338
13553,1993,.626244611,9.544723544,.15048833
12679,1993,.027469409,4.100045565,.017798049
12840,1993,0,4.613130741,.5002197
12734,1993,.339889173,2.352664129,.064955845
2424,1993,.363201038,1.656253987,.00028178093
13232,1993,.49545212,1.092874453,.12865785
13184,1993,0,4.134292755,.00095130457
2436,1993,.175350574,2.646431885,.0055972757
2444,1993,.163583203,2.131558926,.0061239274
4001,1993,.367377598,.671247887,.039664678
2504,1993,.269310565,1.911364192,.00031715434
12850,1993,.098694119,9.216067258000001,.12566842
12842,1993,.346058857,1.702607514,.032173887
16920,1993,.174463219,.788165155,.014176262
12884,1993,.356950275,3.06684356,.026679875
14377,1993,.451217888,3.540864659,.033835046
2562,1993,.177383022,4.127398985,.00039077672
13374,1993,0,.944406289,.0077847354
13011,1993,.366949175,2.429869926,.0049291104
1164,1993,.209176351,1.774275132,.14793904
14489,1993,.087682379,1.77127331,.27372327
13081,1993,.539723068,.980231585,.081552491
14014,1993,.290393674,.890636303,.011467385
13283,1993,0,5.054344115,.14559391
13229,1993,.078425051,1.876549378,.033262722
3022,1993,.156764773,2.756221247,.00066692202
13315,1993,.029049821,1.894287398,.03374378
13318,1993,.286228262,.996935543,.00057530479
3144,1993,.118792114,12.63063703,.027000444
3206,1993,.000688853,.921719455,.00068953173
13333,1993,0,1.975542179,.028811883
13326,1993,0,5.093137182,.046432134
13369,1993,.077118052,1.513120224,.0084622214
13397,1993,0,5.051574138,.034979593
13406,1993,.01920084,2.154634794,.0016806271
13407,1993,.289755104,1.213460453,.011788101
13421,1993,.01179189,2.322552299,.028874705
3413,1993,.27398272,1.485487327,.000048354548
13429,1993,.037873268,2.383877758,.26241302
13500,1993,0,4.312034499,.10467515
14952,1993,.03648938,1.179879419,.012497024
14466,1993,.045267093,2.799686192,.021350954
13700,1993,.188957342,5.155361532,.040625244
3734,1993,.182538483,3.675879711,.0011210366
13644,1993,.550445128,-4.931483268737793,.077978894
1254,1993,.327847833,2.114641077,.0028185465
4087,1993,.176261031,2.973991654,.00069383631
13902,1993,0,5.855100436,.068381019
14084,1993,.318299716,2.337779893,.002549943
4194,1993,.337170972,5.540625,.000080020371
13941,1993,0,2.37446689,.098601386
4503,1993,.101087409,2.253427512,.000060739938
14264,1993,.005327879,2.095174857,.019180622
14244,1993,.8373021040000001,20.52038764953613,.037330624
14565,1993,0,16.36143521,.10820028
14650,1993,0,6.348610224,.0056270976
2226,1993,0,3.960840965,.00009063934
3138,1993,.669841422,11.44928955,.00026899076
3226,1993,.841285935,-4.931483268737793,.010447816
14881,1993,.269279393,1.095835532,.000019462825
4941,1993,.505232747,1.368755328,.0073518273
14960,1993,.491374893,8.577427202000001,.0016518979
5073,1993,.18312718,7.064838624,.000055548844
14630,1993,.208611892,5.367164507,.037801709
5087,1993,.156250485,3.098741446,.0010122526
5229,1993,.206152803,1.314365211,.0042372094
14918,1993,0,11.02259218,.28139859
14897,1993,0,9.184351420000001,.037039559
5686,1993,.168732219,5.870748616,.0012759853
5959,1993,.093068178,2.982951679,.00065138185
5968,1993,.22617731,3.11585823,.0010437608
6066,1993,.187947678,1.761586797,.000052385163
6081,1993,.235968379,3.823140802,.00049813255
16645,1993,.073537069,1.321129353,.084994875
5905,1993,.243192771,1.844492954,.000096137337
5860,1993,.135501701,1.415229716,.0035967797
6335,1993,.404903495,3.967057235,.0053876787
6307,1993,.225491316,1.621849646,.00040538027
1468,1993,.034631883,1.961253799,2.4998285e-06
7127,1993,.320681818,2.695660621,.0033286463
7139,1993,.293458428,3.273725632,.0009936376
8123,1993,.232642487,1.730571101,.0059190663
8264,1993,.342092885,1.776699644,.00005668521
8470,1993,.29904523,1.766220636,.0010570025
8543,1993,.293350259,4.196111368,.00013668223
8551,1993,.306313776,3.792937775,.0018774224
1602,1993,.102656267,5.668497978,.0087783076
9465,1993,.056453833,3.267980824,.00023552091
9563,1993,.113042051,1.836232332,.000450822
1651,1993,.148322619,2.944880904,.066368654
2991,1993,.11751497,2.027578079,.00020740836
1690,1993,0,1.339797474,.0004800969
10156,1993,.123050847,1.579542906,.00021447655
1704,1993,.108088902,4.228569949,.0055666743
10482,1993,.231240141,1.83656866,.00043744501
10581,1993,.101221477,1.502672141,.0009002813
10855,1993,.265720007,1.831539107,.0008709206
11038,1993,.374756862,2.571447439,.0017985712
10884,1993,.524811247,1.014801866,.47185305
1766,1993,0,3.560978408,.26301476
7017,1993,.392282066,1.559565633,.00030974031
10974,1993,.056641579,12.27289501,.01225322
11228,1993,.094603779,2.423825116,.0030297944
11436,1993,.178622193,4.796997107,4.7930580e-06
11584,1993,.073154801,2.532275686,.00043887098
11609,1993,0,8.929608367,.19416659
1837,1993,.244619512,1.900457237,.0011068813
10332,1993,.057978335,2.120287186,.0015475261
10499,1993,.115801769,2.491092657,.0005157612
10857,1993,.198549797,2.358885942,.0014832312
1478,1993,.111778137,5.183590626,.00040891516
1849,1993,.286479744,5.225290665,.020610692
9846,1993,.302134902,1.50329211,7.6194897e-06
5169,1993,.164651236,9.185776432999999,.002440843
5234,1993,.126349854,2.99291855,.00068144395
2005,1993,.028716433,1.242319615,.0043033245
2006,1993,.183023853,1.863634592,.025095182
2316,1993,.320479376,9.772614883999999,.00049880741
5597,1993,.058056643,3.039653937,.0021589096
6502,1993,.922898387,-.880776908,.0039225286
8272,1993,.249106505,1.948935185,.00032069979
2034,1993,.099693288,2.478870867,.0011833151
7241,1993,.08534009,1.920801972,.0016518119
2080,1993,0,1.625478148,.01161026
5071,1993,.27262759,7.538112404,.0026011325
7163,1993,.245631311,4.060251041,.002109305
1755,1993,.199348979,-1.278062876,.0018938849
3619,1993,.211411226,2.971024225,.0015199122
6435,1993,.146237874,3.39790539,.0001735
2176,1993,.057172346,1.844089021,.43822497
8536,1993,.147084988,1.700404505,.0015490778
2190,1993,.187093791,4.194399835,.0028155346
10983,1993,.12415162,2.17201612,.0023568033
2201,1993,.272312312,1.97744482,.068437099
2393,1993,.114310623,2.657065547,.02685762
5589,1993,.100213443,3.387644925,.0059151505
9514,1993,.357156873,1.940892356,.00043191499
11678,1993,.303897033,1.648444882,.0073375576
2230,1993,0,3.122549911,.046182103
4864,1993,.219654955,2.987471762,.0013838911
6701,1993,.253254214,3.519453505,.0015301165
8762,1993,.207499499,4.851013684,.00050942611
10092,1993,.070220728,.972704865,.0031900788
5693,1993,.109610491,2.54141568,.001126769
7536,1993,.173842593,2.980644133,.0012705158
8446,1993,.198065999,2.426413707,.00071927602
9850,1993,.286038327,1.845176166,.00012035876
3091,1993,.204374535,3.39891685,.0070277066
2817,1993,.26305126,4.122654843,.00022712971
2281,1993,.094601148,1.45822497,.00035313948
2282,1993,0,2.562344479,.014209788
10301,1993,.163043478,2.895580561,.00089982926
3170,1993,.265986253,5.030749689,.0036548001
9114,1993,.296574546,1.691224583,.0011754832
9203,1993,.104015134,2.692841428,.0012535295
7745,1993,.203819151,.916197637,.16128026
10669,1993,.1575845,1.475461375,.00034920618
4510,1993,.266557014,7.861518077,.001598137
11462,1993,.232517431,1.052158592,0
4073,1993,.084653615,3.099063427,.0023354602
3835,1993,.224499863,3.167272226,.00039825984
2159,1993,.522942811,1.666807969,.030826433
2403,1993,.048591026,5.01995362,.0025271983
11264,1993,.006589247,3.470086422,.0049177832
1609,1993,.141718739,1.920761279,.00016344851
2285,1993,.127775061,1.637645386,.000038109305
2443,1993,.293422676,1.817110975,.079513013
10795,1993,.274844237,3.058034101,.010873922
1762,1993,.264707407,3.620883266,.00070307899
7180,1993,.328682915,1.687785171,.0011771768
9548,1993,.260539341,2.29034928,.16793752
5735,1993,.205309224,1.482637733,.0037841671
3580,1993,.14184623,2.54147511,.034430742
2255,1993,.389635823,1.842183502,.00032699699
2554,1993,.173527432,5.617048847,.024228796
2555,1993,.195591178,1.207452082,.018984662
8202,1993,.231118969,2.276569298,.0011295571
1078,1993,.039908597,6.619441151,.00053344655
7077,1993,.191038324,2.269572287,.0010719795
2787,1993,.271447257,2.017094628,.00087716006
4060,1993,.231405607,1.93889476,.00029128266
2529,1993,.172667973,3.925423947,.19565457
5018,1993,.357388316,1.873420213,.00096939807
3255,1993,.328516917,1.108791541,.000078348166
4961,1993,.313144919,3.51314807,.00006421563
1045,1993,.3908724,1.589546166,.00034830382
4218,1993,.182338793,1.60815414,.036135979
5109,1993,.332555449,1.105836155,.015255654
4622,1993,.16073182,2.805137601,.0041269842
1786,1993,.347937731,1.681027104,.00036199548
6774,1993,.284231671,1.751535817,.00016709229
7881,1993,.161832756,6.436193146,.0010546102
11296,1993,.291035756,2.055250424,.0013010555
3015,1993,0,.798709382,.24082547
7574,1993,.10451843,.997010379,.0026861385
4600,1993,.296098467,3.067199713,.0014516239
2917,1993,.362709044,1.052413073,.0006323501
9810,1993,.230604136,1.846141108,.0015755526
6104,1993,.21652336,1.348339277,.0017002061
8539,1993,.334935774,1.571710907,.00012917351
5742,1993,.346943741,1.900623267,.00047038475
3419,1993,.214184228,2.006907636,.0004848172
5870,1993,.330778286,1.700653678,.00041129839
8530,1993,.06114094,5.728526193,.00021917575
3497,1993,.175480567,1.905321203,.0022551673
2846,1993,.847213376,-4.931483268737793,.0012560908
7773,1993,.026131182,1.79511962,.00010088577
14152,1993,.39208713,1.321150695,.023983652
2854,1993,.059137485,1.491300195,.0024638074
8325,1993,.285618779,1.711095101,.0036583333
4321,1993,.056049651,3.379970275,.0026939455
6266,1993,.121957197,5.182071188,.00018255389
5505,1993,.511997946,2.051955558,.00056035805
3532,1993,.303075482,3.332428521,.0058913222
6837,1993,.270159011,2.035764465,.000057900146
4800,1993,.331028054,1.648650096,.0001041564
8247,1993,.136954791,3.277894495,.00073547708
8455,1993,.294931654,1.693257785,.000075782875
5079,1993,.264266827,1.359364852,.00003489697
7435,1993,.06526195,3.58612811,.00023255673
8804,1993,.279806782,1.640091104,.00033213687
3041,1993,.14747807,6.246435224,.011363712
7257,1993,.056243884,4.301068244,.0007207609
2938,1993,.026889909,2.262885463,.041620385
7585,1993,.100755668,4.010118583,.00021643106
9411,1993,.107162585,3.383020417,.0031304292
7254,1993,.133842229,1.091651882,.00013945292
8099,1993,.340790799,1.547254994,.000021151085
5568,1993,.270641355,3.488263065,.013171273
9445,1993,.352528111,1.73984768,.00031422812
2783,1993,.315462284,1.839661369,.00037382185
3439,1993,.362000508,2.216907173,.001296744
5643,1993,.415956333,2.74803634,.24572535
6127,1993,.231325377,2.92021566,.003277069
3011,1993,.343786941,5.255458185,.010479812
1430,1993,.056839587,3.302237381,.00035973129
3026,1993,.027131301,3.349127929,.026567187
14824,1993,.01738267,1.382076969,.0057570664
7837,1993,.328545052,1.661549395,.0003142835
8694,1993,.39267015,1.611641773,.00040712915
11550,1993,.304572058,1.754447603,.0001118591
10519,1993,.396191959,1.863532078,.00014217834
3062,1993,.167820235,4.723144853,.28752878
8810,1993,.325592346,1.518992037,.00013555858
5877,1993,.355187951,1.265881729,.00012433619
5439,1993,.110584664,1.926650156,.00083260296
6825,1993,.290126375,1.832389488,.00051772059
2847,1993,.258678871,1.944963027,.00032355299
5134,1993,.394215268,2.583677664,.00086408405
3082,1993,.008488286,1.13294853,.15078387
7977,1993,.231197726,1.577856398,.00030094202
9217,1993,.195800227,3.084197318,.00089197012
3848,1993,.294538441,1.611973075,.00016435771
7366,1993,.335661539,1.273535153,.00012624341
7862,1993,.309064453,1.343585462,.00013674996
1440,1993,.338019716,1.649886154,5.1534935e-06
7892,1993,.345958849,1.174104557,5.8275464e-06
8805,1993,.306362443,2.151919638,.00040666197
4517,1993,.286663328,1.813471975,.00069365377
1995,1993,.353465836,1.414080212,.00050302671
7437,1993,.358402632,1.816537214,.00084747013
7537,1993,.239674572,1.483540141,.00022282329
1243,1993,.236697248,1.13506958,.00025016617
1794,1993,.252072069,1.750360705,.0007716188
1843,1993,.325831314,1.392091372,.00022135422
6173,1993,.348153926,1.447288011,.00012697603
6334,1993,.266296149,1.643947764,.0002644042
8113,1993,.307041309,1.64622344,.0010593615
3153,1993,.39677871,1.92991472,.0028174371
8606,1993,.129055306,3.502406267,.0019826735
8852,1993,.224652864,9.546891670999999,.0021590071
10507,1993,.389431445,1.476629594,.000071193921
1356,1993,.12352439,1.737540923,.00027694204
11288,1993,.113129388,6.515867876,.00083181914
3930,1993,.510918788,5.272142857,.00075949333
11535,1993,.042254771,4.261609296,.024527254
8214,1993,.298041819,-2.20598389,.0093837762
8972,1993,.003358634,2.076411051,.0014326548
10860,1993,.26785495,1.816891098,.00018918178
5250,1993,.192106211,2.514246871,.0029713581
9459,1993,.042229378,8.381387888000001,.00013109756
4393,1993,.260474281,1.674856738,.00027079333
3231,1993,.04821122,1.401888094,.00094959611
9392,1993,.300271743,1.911511782,.00097732479
8151,1993,.340342138,1.576848621,.0037760381
9906,1993,.304149554,1.819001469,.0002711032
5496,1993,.255579947,1.9391245,.0027123925
4603,1993,.380117826,1.006348219,.025223712
11465,1993,.138911857,2.94843568,.0023783331
8818,1993,.31009838,1.334011568,.00011104999
3278,1993,.036190411,12.58585866,.011220275
5492,1993,.240755311,1.344655218,.0066271517
7733,1993,.265560021,1.811277326,.0027937591
7171,1993,.145112287,4.366523586,.0012143085
6403,1993,.16633775,1.54589203,.00113414
3310,1993,.028648602,4.049556946,.041205894
4839,1993,.276387618,2.066617439,0
10969,1993,.175858995,1.255510661,.0011076797
4058,1993,.142113414,3.991545134,.0016016026
4189,1993,.281396298,1.467306138,.0014399905
6765,1993,.12999583,1.838836348,.000087873465
2797,1993,.015048635,2.458577716,.25581852
4818,1993,.025739662,3.203926122,.0011665809
3980,1993,.09620376,4.018512076,.0064577195
8657,1993,.272250599,2.043530562,.00024125446
10163,1993,.163238309,2.742873877,.0059790732
2085,1993,.127771576,3.26900004,.0018667926
10443,1993,.312170689,3.447140529,.00082667003
4710,1993,.029780516,1.550372903,.00042098391
3422,1993,.082477487,2.027165278,.36675832
11056,1993,.354218558,1.566474991,.011392827
5301,1993,.228246084,1.013712054,.00029665881
11040,1993,.16648029,2.428419129,.000073991221
6781,1993,.04770209,.9338403950000001,.15359539
7155,1993,.204972559,1.232961031,.03329137
9195,1993,.326151949,2.349797797,.00053029327
6375,1993,.123103066,7.549001984,.00041445647
9280,1993,.012830409,4.929229966,.00086876156
11115,1993,.067709651,2.029786203,.0057707299
3491,1993,.171400641,3.567868748,.055206124
5321,1993,.073089311,1.245790329,.00253486
3520,1993,.005443216,3.247580513,.011591346
3527,1993,.061483171,1.564168714,.00082574878
2771,1993,.141658519,2.308461589,.018514952
3107,1993,.137513751,1.606312789,.0030643234
3502,1993,.04353608,3.797897438,.0064773303
3570,1993,.08181669,4.222691768,.0081197117
8537,1993,.070733357,1.219140455,.00023255941
9299,1993,.322878751,2.068602609,.0012952649
1919,1993,.085482152,1.396092886,.0017439323
8488,1993,.008306015,4.729707604,.00068524183
8873,1993,.262196804,2.202167318,.00362725
10109,1993,.006061355,3.075249692,.00092179363
5606,1993,.039854207,2.186111459,.0001499933
5574,1993,.262848112,1.275596157,.0028497672
2086,1993,.265528687,2.116178571,.00096960668
3643,1993,0,1.418721873,.033993814
4093,1993,.269447273,2.001254141,.00055055431
1075,1993,.378567896,1.185881782,.0045906473
7938,1993,.342738143,1.954204969,.025600828
1209,1993,.213462144,2.104472144,.00041561353
7620,1993,.050357354,1.466290342,.0013837261
28701,1993,.403269755,9.094310266000001,.010541842
1380,1993,.406729768,1.379369805,.12992519
1230,1993,.46294211,1.129607152,.002892215
3786,1993,0,1.881911455,.15270905
10946,1993,.35534282,-1.79082468,.0028366733
3799,1993,.020114411,1.597853065,.0011877824
1661,1993,.161364691,2.443125995,.039039917
1773,1993,.234052769,2.858182445,.039642617
3878,1993,0,1.249605949,.0049980194
3917,1993,0,1.976827854,.18685092
3936,1993,.050061515,2.441247748,.0316156
3937,1993,.27701484,2.615329161,.011530188
2435,1993,.242380551,4.567655917,.068924561
3705,1993,.063024132,5.476864681,.002940492
2729,1993,.114302549,2.667821678,.0027326418
4016,1993,.014376808,4.777299692,.20552579
4066,1993,.121540896,3.814435361,.0030984071
4078,1993,.433254208,3.517682104,.11490852
4100,1993,.004130059,2.034641317,.014490535
4108,1993,.140860692,2.327507819,.0024397813
4132,1993,.11764622,1.205768948,.0016945601
4204,1993,.124708987,2.307830243,.0091811055
5151,1993,.167276348,2.171571383,.045965765
5354,1993,.009129042,2.10174595,.027082251
13003,1993,.182392774,1.117551677,.0084205335
5581,1993,.005892607,1.645929573,.0068848799
5764,1993,.003088192,3.033915603,.0020041268
6807,1993,.313757397,2.26245126,.013244377
6819,1993,.399467015,2.219184103,.0019023123
7085,1993,.352715453,2.829946508,.021914663
7099,1993,.09145139,3.170484052,.011726662
6873,1993,.438941769,-1.900425089,.31562912
6856,1993,.21719526,2.069942063,.046067748
7762,1993,.018031547,1.500122709,.15727581
4640,1993,.023638977,2.653165877,.001771835
8030,1993,.192562817,5.115315679,.0094985384
8068,1993,.353150733,1.535693467,.0019219019
8093,1993,.587635056,2.035464746,.012334812
8219,1993,.051628068,2.248510588,.030824384
4674,1993,.044181833,1.561710969,.002481913
8304,1993,.027197977,3.581016821,.0017266317
12796,1993,.086790226,1.403982123,.04386504
4680,1993,.011973011,1.533505652,.00065941439
8468,1993,.420865036,1.627334135,.00039777823
8475,1993,.234581157,3.072767403,.034011617
17007,1993,.172290085,.842050165,.0026954794
4703,1993,.005224018,2.722168668,.0081298416
9225,1993,0,6.056328968,.40274268
4736,1993,.022017492,1.508167391,.02714867
4737,1993,.009362413,1.606148884,.0058678952
9667,1993,.019795108,3.062503206,.0058350256
4739,1993,.0432554,1.357496217,.00079192553
10093,1993,.624336303,1.392114154,.024097322
4807,1993,.134977246,2.084200748,.021645259
10277,1993,.333540722,2.545788648,.00019987719
4847,1993,0,1.763201498,.0080715325
4885,1993,.287581551,5.612852905,.1974563
16878,1993,.173606009,1.031023854,.069810681
4936,1993,.296315565,2.62971672,.023756789
11506,1993,.319655804,1.547137084,.0031816082
11559,1993,.269856737,2.25634141,.00085017818
3607,1993,.038541374,4.701845031,.015376904
10540,1993,.347254016,2.296166852,.002093202
7824,1993,.396050598,1.550194953,.00020662571
5116,1993,0,11.53395766,.073776968
4040,1993,.184295897,2.602055948,.0011062212
8007,1993,.133952231,2.20727278,.0017556194
7974,1993,.304806044,1.976506517,.00050123804
9761,1993,0,1.162303458,.13245353
3480,1993,.026473932,7.874840525,.018708924
5824,1993,.356266641,3.366013056,.0020878701
5161,1993,.130098582,1.067993943,.0015836966
10984,1993,.323063984,3.045491667,.00063104572
10000,1993,.308298117,1.969432409,.041950542
5247,1993,.088617612,2.810913136,.0016265647
1678,1993,.284480664,1.816955662,.0027563951
7116,1993,.166699582,4.590485907,.0031922376
9236,1993,.10671078,3.47020546,.00096388033
2111,1993,.220426453,1.946967008,.00087161071
5458,1993,.119132977,1.213199056,.0013468487
11456,1993,.402118044,2.307583232,.00020815858
10391,1993,.105076028,1.829459796,.0054992489
3336,1993,.151321427,2.29262114,.011313634
6078,1993,0,4.764044664,.013927016
1920,1993,.063176711,11.16501234,.0020973245
3946,1993,0,2.846247562,.0022110143
10576,1993,.55002368,12.22773923,.0012527008
11672,1993,.147722034,4.291323438,.0014004961
8726,1993,.01316461,4.114832502,.23948422
10580,1993,.172695248,2.25998098,.024831031
2812,1993,.341890405,1.511668888,.22364387
5038,1993,.154533192,3.240821584,.0039790934
3273,1993,.243508834,1.761566169,.002433799
3650,1993,.079310633,2.91913528,.0023584196
5501,1993,.027856391,1.277789405,.0011744971
5503,1993,.036564529,2.809516477,.0034629845
6513,1993,.215224825,1.858499609,.034291148
7679,1993,.207934675,4.696292257,.001409146
5526,1993,.192469516,1.544008387,.00039009936
8358,1993,.192746958,1.725702782,.0040378706
2916,1993,.028762481,2.76645181,.055423144
1318,1993,.373737899,3.578593324,.0026480071
2943,1993,.055248132,.928577086,.00049947365
4834,1993,.055443989,2.784302355,.003396794
3416,1993,.177056974,1.353090439,.000040125786
2290,1993,.407758699,.906598016,.0026792146
6288,1993,.094015336,2.808835802,.0086869691
4145,1993,.001951072,2.159899609,.0010198292
11566,1993,.218325264,1.8427051,.0049589006
2169,1993,.161297203,1.525951412,.07493405
5690,1993,.145043345,4.939644562,.0023193271
4462,1993,.341920508,2.753308282,.07313633
10809,1993,.376885127,.984883162,.043933917
2860,1993,.290216484,.877682787,.00027566397
7260,1993,.146480559,1.873077674,.0047972086
8290,1993,.328084944,1.658080748,.00041186958
5783,1993,.351906563,2.596769575,.0030367463
5786,1993,.043267099,1.851334271,.005135295
10405,1993,.241304642,5.138730838,.000027056818
5464,1993,.282224162,2.119407329,.0071138968
4159,1993,.006154758,1.908791572,.0015837642
10016,1993,.239203501,2.921092671,.0011477313
4079,1993,0,1.994957488,.031155856
7154,1993,.289932864,3.446072063,.00086730858
11060,1993,.183353908,1.922292313,.0003938865
7008,1993,.30167972,3.182374195,.0068503087
6830,1993,.046760473,3.103348852,.003508375
2154,1993,.156014369,3.264497462,.019513641
3955,1993,.092926496,1.153624504,.0031704986
9963,1993,.226778864,1.221887064,.00057484925
6386,1993,.196070164,1.438784829,.0011612561
5961,1993,.009425522,4.279480193,.022694435
7970,1993,.39523719,1.327630134,.00014017872
10407,1993,.28646718,2.342963045,.13171813
5460,1993,.457111443,2.296342795,.0049522971
6003,1993,.08579373,3.778083453,.00028866073
4191,1993,.412933855,1.599579788,.0011487416
1913,1993,.189749847,2.295506536,.0028876241
1891,1993,.142487087,4.532560343,.0016011592
1573,1993,.301909914,1.732956147,.0035828862
11483,1993,.281281425,1.327937489,.027278416
6036,1993,.020507898,.818564106,.025653226
6039,1993,.424994935,3.26549217,.052486844
10190,1993,.312440706,2.100100823,.0026061977
5726,1993,.066390271,3.152090529,.0023852731
7070,1993,.095534553,1.768561806,.074211404
4641,1993,.064769437,1.256280322,.02229628
6074,1993,.129753587,3.267934332,.0027634008
4843,1993,0,3.304914191,.059395764
10787,1993,.228540491,2.083888128,.0058928803
5187,1993,.456482045,3.270136928,.0006706565
7692,1993,.092858284,1.865167574,.01103422
9258,1993,.270674265,1.640295459,.0011147043
1655,1993,.217072592,1.319174397,.0022249662
9483,1993,.00266687,3.412452889,.0001913634
7065,1993,.115547285,4.399747308,.0019973652
9772,1993,.132037453,1.578228017,.0065611079
8684,1993,.244393691,1.28540561,.00035748925
3911,1993,.27697026,1.82572336,.0014907672
11691,1993,.024496922,1.315507056,.0044780723
9692,1993,.342804119,1.214314442,.00045384988
4817,1993,.059901792,1.407595404,.00043033183
4768,1993,.147044047,1.757047099,.17407811
3121,1993,.123694088,3.251536176,.00014621316
11049,1993,.051813452,.900622667,.011064747
3459,1993,.047741766,.700256036,.00030290434
5125,1993,.006556173,3.235473578,.00098985375
2593,1993,.308347315,2.38524229,.015766278
1177,1993,.011273829,.961811887,.00016890225
6301,1993,.255290181,2.121528789,.18621071
2044,1993,.085775106,3.433762725,.0050635198
9155,1993,.308394375,1.722987591,.023591869
7727,1993,.247151048,1.354963098,.0012947218
3066,1993,.072866549,1.415837348,.0011577377
4764,1993,.071865284,1.461161329,.0015182119
3054,1993,.019070359,2.569736146,.013371076
6357,1993,.062955911,2.407657814,.0049585789
4769,1993,.323540787,.8621839180000001,.0020652993
6379,1993,0,2.712712865,.096997842
11778,1993,.031321765,.947827457,.0015842698
7866,1993,.143089832,1.754363828,.07088092
9293,1993,.160596788,1.942379491,.016280139
4390,1993,.005839005,4.325746642,.016038826
2558,1993,.021749703,.915556729,.000016181753
4608,1993,.051954134,4.821934862,.0038600073
7646,1993,.013993566,1.712125361,.13554791
2968,1993,.054654142,1.066970584,.00045649355
4988,1993,.22247148,4.409965171,.0011961152
2193,1993,.354494289,1.841654372,.0049357666
7562,1993,.039406071,1.430369527,.00064326491
6529,1993,.258008036,2.699521943,.075539708
7904,1993,.206516358,2.146401477,.0031220003
6543,1993,.122009608,2.105848524,.039785501
2029,1993,.060782781,1.488728379,.0023679144
1465,1993,.113205402,1.19335658,.0014308407
6241,1993,0,1.337870751,.00040474354
4094,1993,0,9.442660173,.00050017843
1246,1993,.29957568,2.511700271,.0047184853
6574,1993,0,2.854892932,.046159446
10867,1993,.271248583,2.630134621,.00084324018
6475,1993,.168784486,2.636092317,.00061413238
6617,1993,0,2.79628866,2.1942528e-06
6742,1993,.006926297,1.089369439,.0011037342
4809,1993,.072950699,2.220327034,.010187431
3813,1993,.397012433,1.718220223,.0015508516
3736,1993,.080227778,1.502629079,.12623695
2269,1993,0,6.373063747,.0032977795
2605,1993,.265163714,2.199655311,.011917836
13051,1993,.021075675,1.948110539,.0027383987
9837,1993,.302094818,2.149392692,.0024415739
2019,1993,.034909762,1.412251191,.0020888413
3735,1993,.150549244,2.982456774,.02729444
1865,1993,.144079154,1.721344569,.0044654049
6743,1993,.111313781,3.314945227,.0014557882
8692,1993,.342144875,1.496201738,.00081804523
4779,1993,.055140105,2.082456837,.30356586
6768,1993,.001078993,1.823499731,.029762618
11359,1993,.080380096,1.964310902,.002624654
6062,1993,.469698666,1.769382043,.081270024
6803,1993,.346776115,2.309220276,.021015149
6815,1993,.055227565,4.676536883,.028931059
11247,1993,.081051127,1.902318364,.0015485833
2490,1993,.216607523,3.248463021,.0031733189
6639,1993,.264278472,3.24304642,.0021254963
6864,1993,.209826179,3.243474109,.00069336116
10565,1993,.002410216,1.856410952,.0038968057
6730,1993,.086786649,3.804480936,.000088811757
6944,1993,.309513488,2.402967453,.0047211694
5476,1993,.312923796,3.589292714,.015271534
1013,1993,.002892299,4.586969246,.0053642313
10815,1993,.014719219,1.187388968,.00064776669
7203,1993,.350557269,3.420746205,.051392432
4601,1993,.595275569,2.656150646,.00017862074
10453,1993,.016784126,2.357284912,.034071874
7772,1993,.008296618,2.152193578,.003791407
2633,1993,.181246332,1.390637196,.0015008198
8210,1993,.480482657,1.005459133,.0058097099
10909,1993,.024092987,1.309811366,.003457197
9611,1993,.28838836,2.518390063,.007543514
5918,1993,.261216893,2.033376088,.0027829427
7067,1993,.02544688,1.908569525,.0048776958
1213,1993,.388714372,2.134443298,.0056254375
2014,1993,.048604537,1.012562244,.0018090662
11271,1993,.052441952,1.445680858,.00006791114
10247,1993,.195278104,4.075309572,.0035618886
7146,1993,.263803307,4.034151741,.0021767169
4742,1993,.000143245,1.538362753,.0036629885
6216,1993,0,3.31191131,.009412583
7750,1993,.060319178,2.060285133,.00011500413
10195,1993,.109646818,7.26587333,.22582011
4423,1993,.273618335,8.061600257,.004701999
4700,1993,.018157904,1.449556141,.00079648575
7213,1993,0,2.554059724,.003279588
5256,1993,.00451381,3.09414166,.1165861
5639,1993,.047511678,4.635371219,.054259557
8948,1993,.073574205,1.096893797,.00058383937
7251,1993,.153629689,3.34836187,.0067817238
7252,1993,.020901261,1.470839932,.002230997
7253,1993,.005824623,1.343255456,.0038095373
7267,1993,.050852231,1.561742719,.0025857079
7261,1993,.029911045,1.397893783,.0014848678
5518,1993,.08744371,2.492841802,.090358675
6136,1993,.078780285,4.246752303,.0071514719
6102,1993,.239483293,1.27440111,.0044354307
4523,1993,.304269987,1.068353555,.068904378
4743,1993,.009154342,1.712177426,.0011211992
11300,1993,.031906239,2.744008289,.21375398
6272,1993,.16784281,1.627322707,.44325885
7316,1993,.245707966,2.904178465,.11559314
3276,1993,.076777162,1.300464269,.00060343387
5216,1993,.283679828,1.20702274,.073704503
3612,1993,0,1.90879013,.097860254
6802,1993,.017389193,1.384906537,.10065512
7343,1993,.056294374,3.346761539,.00093335297
8046,1993,0,4.873844814,.13181587
2439,1993,.251100534,2.604415494,.00015430016
2845,1993,.086690751,1.462069605,.0056125559
4689,1993,.150456621,1.066730445,.0029361567
4560,1993,0,3.377239144,.19377503
9061,1993,.122926963,1.124643338,.00077232794
7401,1993,.038595137,2.03308867,.0034047996
8823,1993,.229840274,1.794991228,.00042196212
7409,1993,.145241132,2.428949982,.0017474625
4230,1993,0,1.701644299,.013148778
9643,1993,.193929288,3.737523282,.067264616
8299,1993,.045837934,1.160321728,.016876787
7486,1993,.152252731,3.03012175,.0078900075
9284,1993,.167316786,1.731045855,.023866415
10735,1993,.182353841,2.644347064,.022463394
7567,1993,.007967699,1.952006551,.0049051014
7553,1993,.015181157,1.586827216,.00043099056
9861,1993,.261677522,2.699018547,.000071636648
9556,1993,.328179102,1.687296456,.0024004884
7566,1993,.023322145,3.592596863,.0026127333
8807,1993,.432884351,.846196991,.00023764484
2448,1993,.081807398,1.332208339,.00015403896
11259,1993,.30105764,5.665448013,.001208004
7691,1993,.187647368,.9685429880000001,.014720407
6821,1993,.117017394,2.892303837,.011445558
7711,1993,.034827298,1.516637511,.00090680819
1194,1993,.076698094,.777817566,.0080206534
23769,1993,.075224875,1.144531228,.0056608012
7723,1993,.088874464,1.931908608,.010977942
7650,1993,.035191107,1.471794841,.0018973078
5878,1993,.160743911,3.505965429,.0036664093
7799,1993,0,4.714870017,.0049749566
5179,1993,.178128863,1.856044121,.0013007025
7821,1993,.003273526,1.13093101,0
3463,1993,.051679129,.878765482,.0063839559
7835,1993,0,2.584357967,.0020725301
11306,1993,.377853181,3.065565578,.0057958276
6376,1993,.238392664,1.647415672,.0098795863
1988,1993,.285865449,1.623718101,.00077780744
3760,1993,.182785062,.958654996,.0005255338
7906,1993,.005208494,2.480715977,.34204599
7921,1993,.061706288,5.100893562,.012584093
7922,1993,.154495033,2.462113289,.00065312686
1449,1993,.006913429,2.159396364,.0093133617
11396,1993,.186144128,1.168883795,.008792175
7982,1993,.067669952,2.15110026,.0030653134
4719,1993,.295947281,1.196135569,.033133548
10097,1993,.201737972,1.349364179,.0019010775
10672,1993,.437833003,1.493495756,.0037188437
1990,1993,.584486348,1.096297397,.01570742
7980,1993,.159409594,2.573934224,.000015268532
8357,1993,0,1.919541697,.0066302149
9882,1993,.248108238,5.062058179,.011172283
1981,1993,.094448414,2.669947801,.004224251
11554,1993,.2412766,1.716535999,.00021630146
2024,1993,.075508337,1.171773315,.00018687089
4062,1993,.111116691,2.389607658,.00017407915
4990,1993,.0425383,5.447764265,.23208568
6461,1993,.194578635,2.847052406,.030088505
6618,1993,.020078577,5.512815911,.20323774
1447,1993,.065748098,1.772347299,.00046314433
1663,1993,.278641214,3.082644254,.0046359501
3024,1993,.060024701,1.627771304,.00065232115
3505,1993,.129539048,.982287115,0
5465,1993,.271012315,2.233433321,.0050030942
6008,1993,.037552891,3.455466667,.002642795
6776,1993,.005019669,3.625987151,.0011415455
7238,1993,.055065165,1.236432929,.0042679789
7647,1993,.052966021,1.333836917,.00097146968
9168,1993,0,2.25577782,.0020258834
9351,1993,.035156788,1.247574693,.00054144807
9380,1993,.03078447,1.266779776,.00097145909
11649,1993,.169221604,1.436906546,.066170357
11012,1993,.235491299,2.929720126,.0073042372
2527,1993,.324865993,1.767184849,.0018992797
6998,1993,.233400055,3.027066961,.023035372
1392,1993,.012201985,.869985801,.0013184666
7228,1993,.012463869,4.152102959,.0010776561
9778,1993,.0817789,2.297827982,.00039163252
5211,1993,.313750177,2.374934266,.093677163
8245,1993,.154397552,1.574108464,.00071397715
8253,1993,.139645114,1.868691874,.067502722
6427,1993,.136473165,3.554687731,.006617438
2884,1993,.34935311,2.573174022,.0012221602
4598,1993,.272374225,2.220827348,.090032943
8186,1993,.075738163,1.162134223,.010135554
8240,1993,.272834111,1.228611335,.004476272
8431,1993,.128457132,.891867996,4.5718568e-07
8655,1993,.544425167,16.07163565,.0049487399
1632,1993,.147823408,2.53376769,.038849451
6649,1993,.183834128,3.909813809,.031238841
7875,1993,.111672257,3.248984573,.0021792541
9555,1993,.679220064,-4.931483268737793,.026444534
10639,1993,.117668131,3.356609414,.0041965717
1161,1993,.041210202,1.213457562,.0038640907
2051,1993,.017795577,1.520369047,.0010435197
4036,1993,.063021081,2.910338174,.027391857
6829,1993,.269040737,5.162806509,.01250683
3230,1993,.36875,1.027209703,.23982325
6226,1993,.332034819,1.037822483,.0067073517
8402,1993,.005609104,8.819847384999999,.13636306
10621,1993,.404127918,2.289286436,.036579896
15247,1993,.275227169,1.084644579,.0075931395
3221,1993,.036476161,1.43974126,.13260569
3863,1993,.088462884,3.734670808,.00069762702
7912,1993,.424870505,3.185368484,.000044798191
11236,1993,.176957694,1.912195311,.0046199798
2259,1993,.241670044,1.931372666,.00055977574
8463,1993,.249119473,1.776241979,.0028121429
11748,1993,.300875778,2.042418156,.013422268
10530,1993,.319168375,2.344250775,.04178312
2574,1993,.233457526,2.681354756,.0024526948
3586,1993,.090170017,.854231331,.0035370521
5080,1993,.010395798,1.879545684,.00072914676
5803,1993,.318544831,1.669535938,.0011197466
10614,1993,.103624161,2.316161285,.013248716
7554,1993,.034248685,1.449769441,.00002185393
9549,1993,.411166187,2.082073791,.021826845
4371,1993,.087749336,4.401664822,.0055847773
4401,1993,0,1.479150286,.0040690349
4895,1993,.345288332,-4.931483268737793,.011065584
8570,1993,.010803249,1.715061201,.015755454
11113,1993,.19822515,1.309394003,.010928247
8596,1993,.05577944,3.548688031,.004136703
8599,1993,.10121842,2.19506278,.048650622
6019,1993,.012410821,1.275595442,.0056443186
8627,1993,.572956939,1.688954533,.0031227628
8658,1993,.00857074,1.471254078,.014560282
2870,1993,.299847964,1.396730252,.00074459438
3821,1993,.122751214,2.06612799,.0094165038
9904,1993,.278367688,2.505348724,.0059934142
10411,1993,.227711623,2.145185251,.00010275739
8717,1993,.031496063,1.977053411,.0060185096
1253,1993,.040017181,3.096933187,.0014743221
5330,1993,.311213826,1.442320559,.00099469023
6831,1993,0,2.934091309,.005163468
8128,1993,.255120317,3.905373045,.016191805
2547,1993,.014533686,.687291445,.0010618482
6733,1993,.157190688,2.601477066,.20959188
7923,1993,.140829674,2.113077564,.00015953644
8960,1993,.175529735,2.398916467,.00061503128
13341,1993,.118938997,3.208846154,.14082612
1675,1993,0,1.713030438,.026442138
9224,1993,.016623541,1.701541773,.061641589
8794,1993,.014657915,1.122075939,0
2859,1993,.302235212,1.571256967,.0013432669
7152,1993,.207876849,1.981671651,.002628546
8829,1993,.150650444,2.300765003,.010647427
1359,1993,.002889885,7.517992872,.0037521652
8850,1993,.094131064,1.61815655,.003171578
4029,1993,.355856025,1.719737723,.00034973799
8867,1993,.213045823,1.775930528,.0093725836
8877,1993,0,1.546131403,.16955489
9357,1993,.289973256,2.584665145,.0090094432
1543,1993,.183794161,1.615801667,.00059822324
1998,1993,.021292775,1.996001151,.0012492841
8902,1993,.352641646,3.248317837,.023602869
13046,1993,.227310583,.8943398339999999,.12156664
7636,1993,.069914559,2.438514316,.23229986
1943,1993,.140685432,2.036464346,.058026772
2150,1993,.348424178,3.095019055,.025036478
3063,1993,.437117273,5.689654433,.072613068
4205,1993,.158061328,2.812561201,.00097874855
10726,1993,.201401982,3.86826994,.0021753453
1034,1993,.193082736,1.632074706,.00063347293
1485,1993,.174596738,2.674127871,.0004477686
2136,1993,.243912511,3.14159574,.00027111312
2146,1993,.224519595,2.13225282,.000086428387
8044,1993,.235511773,1.978166553,.00017062077
8286,1993,.218842002,2.947720363,.000053692274
9289,1993,0,1.458128007,.54752386
9408,1993,.199612599,3.256204959,.0017224775
9899,1993,.224597346,3.273888889,.00035308063
10426,1993,.105901787,1.643858518,.0063779508
2337,1993,.410245773,1.144178471,.0012828014
4682,1993,.038468827,1.69990475,.0032354349
5680,1993,.18767982,6.227637966,.032969072
10326,1993,.084260951,14.73127798,.00024443402
5774,1993,.376705074,1.208303769,.061847486
9112,1993,.180125878,2.901032469,.0063860873
1487,1993,.124141949,1.83076016,.021575734
3103,1993,.190781763,2.956624502,.28392768
7045,1993,.442330188,2.281078098,.10265612
3087,1993,.044372462,3.734033929,.096938595
9441,1993,0,3.754191635,.098910302
9689,1993,.110798759,4.404916146,.25245592
11966,1993,.172496004,1.822729871,.0068394844
9298,1993,0,2.01392089,.011494032
11833,1993,.106473595,2.455341603,.00083318038
10187,1993,.015476867,1.526785781,.0083319396
17115,1993,.035240409,1.299434337,.00060066889
11818,1993,.031322049,1.78498294,.015262992
3282,1993,0,2.347852323,.0088526048
6121,1993,.191047959,.667747932,.0083403252
7276,1993,.765391142,2.333244522,.057515983
12174,1993,.150562719,1.019976089,.015415299
9372,1993,0,2.539997646,.00045675106
9433,1993,.250202518,2.189711577,.020461315
12124,1993,.054955678,1.573052821,.033248365
1239,1993,.13520705,2.14737525,.054824512
9472,1993,.024883233,2.984590022,.00083807262
9477,1993,0,2.696415561,.010045529
11808,1993,.49061508,1.732832597,.13420054
12122,1993,.126819152,1.061790655,.14106087
12672,1993,.173457476,7.085592891,0
9545,1993,.138478224,1.035130295,.014873034
9602,1993,.285334044,3.083245365,.0053394418
12389,1993,0,5.160084885,.011986709
9612,1993,.347250786,3.554722435,.081033014
9635,1993,.018729389,2.855518375,.044740167
11923,1993,.268194461,3.080496687,.0035469658
12756,1993,.470283345,1.600296101,.078170829
3243,1993,.068971981,1.491585327,.01155916
9699,1993,.022916498,4.044118145,.0025953683
4213,1993,.145743947,3.79377276,.0057918285
9783,1993,.0295796,1.697392517,.00011062092
13028,1993,.079357581,3.153758776,.009232033
10013,1993,0,2.582514959,.0055566779
12726,1993,.010339867,1.89708589,.0017092769
9815,1993,.266683459,3.123796812,.011778989
2055,1993,.134134605,6.826487604,.00074725243
9849,1993,.235085752,1.465996711,.000071108268
9880,1993,.031954379,1.43436753,.016911261
3426,1993,.246477101,1.934415894,.0009194219
13114,1993,.080385284,3.591902616,.18830781
13099,1993,.436722751,1.744834288,.0074212905
13264,1993,.554547578,-4.605256573,.0063180183
9999,1993,.044647846,1.711132416,.011298936
10005,1993,.034929021,1.648121934,.0027642648
10033,1993,.002189142,2.835891505,.12802076
10035,1993,.014899975,2.57497009,.000021272097
10150,1993,.346040883,.54572973,.18883857
10085,1993,.098177366,4.362115163,.0010560056
10107,1993,.01947788,1.730605159,.014393353
10115,1993,.068872137,4.739936173,.047502566
10232,1993,.147937991,1.68111536,.056627665
10270,1993,.408043683,7.99132687,.22893269
10329,1993,.051128376,1.878103349,.0083617521
10386,1993,.009887879,1.473494831,.0004998857
13708,1993,.118282968,4.203877701,.085149288
1976,1993,.297723441,2.054133513,.0017390965
10393,1993,.538983051,6.441889323,.0008099259
13587,1993,.360361696,1.328212526,.0032878758
13531,1993,.215777663,2.115865066,.0075165764
13646,1993,.201225593,2.4225332,.01376913
13554,1993,.312476128,4.511570702,9.0950434e-06
14124,1993,.253569389,2.634490324,.00011302201
13498,1993,.32036242,4.175047213,.39904264
13693,1993,.043960072,1.699536014,.27507871
13561,1993,.192799234,1.646908306,.00026120277
8626,1993,.109066427,3.912012715,.000025199275
13988,1993,.026872985,4.938307514,.23951569
12895,1993,.900983747,-4.931483268737793,.0285074
5848,1993,.299383264,2.005241141,.0012655503
14446,1993,.196478297,5.010947217,.17125486
12631,1993,.000146076,4.937558169,.00025008814
14505,1993,0,1.260458914,.0039027266
14359,1993,.512312485,1.981305732,.012582736
14363,1993,.43461763,1.505537,.00083253992
7319,1993,.265400685,2.155319717,.004961859
14384,1993,.139150763,1.766149425,.0040864693
14412,1993,.058836661,4.383919397,3.6038634e-06
15084,1993,.184155253,2.107053265,.0045066564
15106,1993,.138658537,2.767309437,.00300753
14885,1993,.475898871,2.85702734,.082381561
15092,1993,.138632268,1.283527995,.050266806
15110,1993,.58245329,-4.931483268737793,.00068225001
12570,1993,0,1.871008425,.073403083
15521,1993,.210551687,3.636858747,.040438157
12300,1993,0,1.904504639,.127051
12540,1993,0,3.741374045,.020631729
13712,1993,.100721417,2.373104932,.019357175
14624,1993,.250377246,5.708361577,.0086015007
14324,1993,0,5.491926803,.026224053
12581,1993,.489942914,2.811266707,.050100014
16401,1993,.038120516,2.767193354,.0049676117
15855,1993,.161726751,6.038283678,.0050345585
15458,1993,.30498194,2.129244461,.14348735
15360,1993,.162213395,1.140918258,.0078584412
15354,1993,0,8.421577436,.16319406
15761,1993,.09433314,2.022718377,.0065861428
15708,1993,.111300277,2.813635326,.0015053821
15426,1993,.097284259,3.14605899,.0019253279
16188,1993,0,4.551896987,.23618467
15208,1993,.596006199,2.045486824,.00042455419
9069,1993,.369506756,1.637312542,.013034373
15763,1993,.020141895,2.321396437,.027975036
16478,1993,.084476154,3.340446032,.0056246216
16710,1993,0,3.744174631,.0033468157
16729,1993,.002300983,2.354113445,.005964959
14854,1993,.280427464,2.099169103,.0077995476
20021,1993,.460669584,.7132908770000001,.021998683
14268,1993,.038048218,3.151223311,.10217007
18699,1993,0,15.03651957,.034506969
16475,1993,0,2.022982271,.0009475706
20783,1993,.004316901,6.330066656,.0022182197
20423,1993,.46834843,8.727575708,.015034061
20218,1993,.488134291,1.438152578,.03396536
9406,1993,.376450924,2.566903585,.0016848238
10553,1993,.002381043,5.445019875,.003211892
21429,1993,.089491447,1.77819494,.0045303926
21503,1993,0,1.074471766,2.1973628e-06
21487,1993,.424443147,1.371918682,0
21078,1993,.041872649,2.301183796,.013051246
21491,1993,.25393605,2.747550218,.042534914
22255,1993,.239715058,1.389093564,.076299146
21250,1993,.350502595,2.350848895,.01894445
21508,1993,.39761144,6.673126545,.039550405
21659,1993,.002826488,1.999543661,.014088137
22260,1993,.326448708,3.213029566,.018304581
22262,1993,.501539761,.752166511,.052943494
22205,1993,.007293644,2.216851174,.018879917
22325,1993,.00970569,6.616226472,.029858835
23006,1993,0,1.55329392,.00026130461
23084,1993,0,2.780869114,.042995363
13714,1993,.380461777,6.430469963,.0033660671
7506,1993,.007808479,2.604827487,.20859401
22794,1993,.228668231,1.824397351,.013080649
22838,1993,.21066314,1.18605678,.16143535
23047,1993,.281603866,.885223041,.11328122
22974,1993,.453008238,2.547374505,.2473273
20194,1993,0,1.054127461,.016972803
23221,1993,.153631186,.988529923,.00050786213
16573,1993,.010838624,1.343437835,.0030733291
23218,1993,.149852085,1.502581103,.0072128759
23592,1993,.106499891,4.295919681,.12152292
23700,1993,0,3.296829327,.03164183
15343,1993,.146912856,1.531630154,0
23714,1993,.551716361,2.750960488,.031150246
23809,1993,.006105833,9.742637344,.10000147
23942,1993,.270389666,1.501766881,.013979321
23798,1993,.444340026,4.798781783,.0023986788
23810,1993,0,3.952701476,.01374126
23897,1993,0,3.108882825,.19697504
23945,1993,.148128233,3.101142936,.062652498
23946,1993,.505958336,1.833806452,.12530346
14890,1993,.237184622,3.627928295,.0089262798
23978,1993,.232769045,5.199537179,.0013337951
23988,1993,.405394732,4.263513176,.045247927
24008,1993,.035721873,3.031063164,.021428064
24014,1993,.18395235,1.038314651,.038199771
15455,1993,.159604205,4.187031648,.0098121073
21828,1993,.351077817,1.768560695,.013224464
24091,1993,.034108835,1.816080421,.0029323318
24197,1993,0,5.927085949,.045796167
24216,1993,.710964253,5.452943649,.16761529
24245,1993,.001880851,3.583922862,.2525751
24291,1993,.368863386,3.709236,.072363064
24344,1993,.068992655,4.663852989,.040287007
24357,1993,0,13.01776539,.036954749
21232,1993,.005983847,7.972264502,.013725657
10501,1993,0,3.829307041,.0063657612
24530,1993,.277892107,2.12331813,.17070071
24531,1993,.240691821,2.656712899,.020097479
24548,1993,.002220829,3.637389551,.09597452
9777,1993,.128242847,2.732143924,.067744799
13990,1993,.35652953,3.849389669,.14147323
13135,1993,.152866915,2.876592292,.0061268099
24655,1993,.100541638,3.690895412,.050127126
13204,1993,.190115761,3.129281871,.011778758
24782,1993,.18184455,6.94425212,.14675756
24870,1993,.491839404,4.071489973,.026697263
24920,1993,.110438927,.9804365,.0098742191
24931,1993,.243789182,1.787090613,.014075559
24978,1993,0,7.736781269,.075700954
24883,1993,.122020339,1.695819298,.012496852
25080,1993,.001445715,3.929227863,.015264906
25096,1993,.003407155,3.35710233,.10892005
13092,1993,.56204937,2.748037835,.032585181
12689,1993,.444982671,1.577330489,.0048381523
4242,1993,.35061725,1.875638119,.0021160482
25154,1993,.039601552,3.432439623,.051616367
25180,1993,.300671224,1.445558959,.02444049
25196,1993,.227178373,1.096945443,.024065735
25157,1993,.125664733,4.706790227,3.6283154e-08
25207,1993,.340779147,5.282340152,.018107742
25283,1993,.110490551,6.754572822,.089407891
25338,1993,.109493858,11.91308454,.19665492
25356,1993,0,9.027173203,.013158417
21504,1993,.178799892,2.727800063,.011652834
12126,1993,.03145841,3.009057483,.0043293219
10793,1993,.282914974,2.313313524,.014043028
25124,1993,.296159754,3.520049213,.0013059874
25571,1993,.023199283,2.326378517,.16555735
25573,1993,.026894398,1.711085496,5.9693531e-07
8750,1993,.41057745,1.23047723,.0032922663
25737,1993,0,7.410074967,.22092065
25777,1993,.377271126,5.619343223,.0054012588
25806,1993,.038451498,2.595588527,.044980694
25870,1993,.1439107,1.909406568,.018399592
25863,1993,.5921432800000001,5.09142511,.36906603
25879,1993,.111968123,1.370640864,.059331708
10839,1993,.237019083,4.294703947,.0060300394
26011,1993,0,6.55259859,.36884102
25987,1993,.0264481,1.186480034,.064025886
27782,1993,.019336002,3.305808954,.015849328
27775,1993,0,7.720609002,.030659955
27867,1993,.113522737,1.698836674,.0010226573
27981,1993,.004701911,12.32035844,.08918599
10931,1993,.049103593,1.490772961,.00011912916
27930,1993,.034656207,4.795908754,.091486096
10948,1993,0,8.074104520000001,.014570905
28194,1993,.122434831,2.830275,.0021859228
28253,1993,.010413408,4.418464137,.041148756
10972,1993,.431695856,2.851554404,.035761606
10978,1993,.020430888,2.144381023,.0031654022
28349,1993,.014319889,1.288872617,.000044667053
10992,1993,.014386804,1.478603772,.0016459378
28556,1993,.000788444,6.886712931,.18291469
28596,1993,.059462381,4.423433668,.068691328
28930,1993,.18240621,5.2375,.036006805
29120,1993,.312694336,.869052219,.000043964468
29318,1993,.016827336,3.670912864,.000020507616
11234,1993,.045097305,8.184213118000001,.0031641244
11295,1993,.344463581,1.353481858,.0026221524
11429,1993,.334928051,1.231844414,.38520199
11502,1993,.335778999,2.160359179,.057587612
11513,1993,0,2.414329095,.0037874796
11600,1993,.067790922,3.549522915,.010130388
1055,1993,.104109985,1.473427806,.10266013
1533,1993,.199781083,.893610701,.050717592
1878,1993,0,4.138201085,.00018082521
11985,1993,.267982435,3.13804198,.000714364
11815,1993,0,6.812327993,.06165937
16227,1993,.394929834,1.196027315,.01087724
11993,1993,.239430939,1.070774848,.0025958649
6044,1993,.331300535,3.009201398,.18844438
6152,1993,0,3.163973429,.038274221
11852,1993,.037707985,1.69528035,.0016213414
6450,1993,0,3.512894719,.059016105
7123,1993,.218112211,3.140338292,.0035066628
11910,1993,0,6.00345037,.10024158
8193,1993,.003303787,1.653664577,.0076585766
9004,1993,.096433096,2.9656031,.073998563
10903,1993,.000449809,6.097036748,.017179811
